Time (s),Velocity (m/s),Force (N)
0,,-0.011
0.002,,-0.002
0.004,,0.002
0.006,,0.004
0.008,,0.002
0.01,,-0.004
0.012,,-0.004
0.014,,-0.005
0.016,,-0.002
0.018,,-0.002
0.02,0.02,-0.005
0.022,,-0.002
0.024,,1.28E-15
0.026,,-0.002
0.028,,-0.002
0.03,,-0.004
0.032,,-0.002
0.034,,-0.005
0.036,,1.28E-15
0.038,,-0.011
0.04,-0.43,-0.005
0.042,,0.002
0.044,,0.004
0.046,,-0.009
0.048,,1.28E-15
0.05,,-0.005
0.052,,-0.002
0.054,,-0.007
0.056,,-0.004
0.058,,-0.004
0.06,-0.07,-0.005
0.062,,0.004
0.064,,1.28E-15
0.066,,-0.007
0.068,,-0.002
0.07,,-0.002
0.072,,-0.005
0.074,,-0.009
0.076,,-0.005
0.078,,1.28E-15
0.08,0.37,-0.002
0.082,,1.28E-15
0.084,,0.002
0.086,,0.002
0.088,,0.002
0.09,,0.002
0.092,,1.28E-15
0.094,,-0.002
0.096,,-0.007
0.098,,-0.009
0.1,-0.31,0.002
0.102,,-0.007
0.104,,0.002
0.106,,0.002
0.108,,0.002
0.11,,-0.002
0.112,,-0.004
0.114,,-0.005
0.116,,-0.007
0.118,,-0.009
0.12,-0.44,-0.002
0.122,,1.28E-15
0.124,,-0.002
0.126,,0.005
0.128,,0.002
0.13,,-0.007
0.132,,-0.007
0.134,,-0.004
0.136,,-0.007
0.138,,-0.004
0.14,-0.08,-0.007
0.142,,0.002
0.144,,0.002
0.146,,0.009
0.148,,-0.004
0.15,,-0.002
0.152,,0.002
0.154,,-0.007
0.156,,-0.007
0.158,,-0.007
0.16,-0.03,-0.012
0.162,,-0.004
0.164,,1.28E-15
0.166,,-0.004
0.168,,-0.004
0.17,,-0.002
0.172,,1.28E-15
0.174,,-0.002
0.176,,-0.005
0.178,,-0.004
0.18,-0.01,-0.002
0.182,,-0.005
0.184,,0.002
0.186,,1.28E-15
0.188,,1.28E-15
0.19,,-0.007
0.192,,1.28E-15
0.194,,-0.004
0.196,,-0.004
0.198,,0.002
0.2,-0.01,-0.004
0.202,,-0.005
0.204,,0.002
0.206,,0.005
0.208,,-0.002
0.21,,-0.004
0.212,,-0.004
0.214,,-0.004
0.216,,-0.009
0.218,,-0.002
0.22,0.01,-0.005
0.222,,-0.002
0.224,,0.002
0.226,,-0.002
0.228,,-0.004
0.23,,-0.004
0.232,,1.28E-15
0.234,,-0.007
0.236,,0.002
0.238,,-0.007
0.24,0.01,-0.005
0.242,,-0.005
0.244,,1.28E-15
0.246,,0.002
0.248,,-0.005
0.25,,1.28E-15
0.252,,-0.004
0.254,,1.28E-15
0.256,,1.28E-15
0.258,,-0.007
0.26,0.03,-0.004
0.262,,-0.002
0.264,,-0.002
0.266,,1.28E-15
0.268,,1.28E-15
0.27,,-0.004
0.272,,1.28E-15
0.274,,-0.005
0.276,,-0.004
0.278,,-0.009
0.28,0.03,-0.005
0.282,,-0.002
0.284,,-0.004
0.286,,1.28E-15
0.288,,-0.002
0.29,,1.28E-15
0.292,,0.002
0.294,,-0.007
0.296,,-0.005
0.298,,-0.007
0.3,0.01,-0.004
0.302,,-0.005
0.304,,1.28E-15
0.306,,-0.002
0.308,,1.28E-15
0.31,,-0.002
0.312,,-0.002
0.314,,-0.007
0.316,,-0.005
0.318,,-0.007
0.32,0,-0.004
0.322,,-0.002
0.324,,0.002
0.326,,-0.002
0.328,,1.28E-15
0.33,,1.28E-15
0.332,,-0.005
0.334,,-0.002
0.336,,-0.009
0.338,,-0.002
0.34,-0.01,0.002
0.342,,-0.005
0.344,,0.005
0.346,,-0.002
0.348,,-0.004
0.35,,-0.004
0.352,,-0.002
0.354,,-0.004
0.356,,-0.004
0.358,,-0.005
0.36,-0.03,-0.002
0.362,,-0.002
0.364,,0.007
0.366,,-0.005
0.368,,-0.009
0.37,,-0.002
0.372,,-0.004
0.374,,-0.004
0.376,,0.002
0.378,,-0.007
0.38,-0.06,-0.007
0.382,,-0.005
0.384,,0.002
0.386,,0.005
0.388,,0.005
0.39,,1.28E-15
0.392,,-0.007
0.394,,1.28E-15
0.396,,-0.005
0.398,,-0.009
0.4,-0.09,-0.009
0.402,,1.28E-15
0.404,,0.002
0.406,,1.28E-15
0.408,,-0.002
0.41,,-0.004
0.412,,0.005
0.414,,1.28E-15
0.416,,-0.005
0.418,,-0.005
0.42,-0.11,-0.004
0.422,,1.28E-15
0.424,,0.005
0.426,,0.005
0.428,,-0.004
0.43,,-0.005
0.432,,-0.005
0.434,,-0.005
0.436,,-0.007
0.438,,-0.004
0.44,-0.06,1.28E-15
0.442,,1.28E-15
0.444,,0.007
0.446,,-0.004
0.448,,1.28E-15
0.45,,1.28E-15
0.452,,1.28E-15
0.454,,-0.004
0.456,,-0.002
0.458,,-0.002
0.46,-0.2,-0.004
0.462,,1.28E-15
0.464,,0.002
0.466,,0.004
0.468,,1.28E-15
0.47,,-0.002
0.472,,-0.002
0.474,,-0.002
0.476,,-0.007
0.478,,-0.007
0.48,1,-0.002
0.482,,1.28E-15
0.484,,-0.002
0.486,,-0.007
0.488,,0.004
0.49,,1.28E-15
0.492,,-0.007
0.494,,1.28E-15
0.496,,-0.005
0.498,,-0.005
0.5,0.25,-0.004
0.502,,-0.002
0.504,,0.002
0.506,,-0.004
0.508,,-0.004
0.51,,-0.005
0.512,,-0.005
0.514,,0.002
0.516,,-0.004
0.518,,-0.005
0.52,-0.2,-0.009
0.522,,-0.002
0.524,,0.004
0.526,,-0.005
0.528,,-0.002
0.53,,-0.007
0.532,,-0.005
0.534,,-0.005
0.536,,-0.005
0.538,,0.002
0.54,-0.15,-0.007
0.542,,-0.007
0.544,,0.002
0.546,,1.28E-15
0.548,,-0.004
0.55,,-0.004
0.552,,-0.004
0.554,,-0.005
0.556,,-0.007
0.558,,-0.005
0.56,0.11,-0.004
0.562,,-0.004
0.564,,0.007
0.566,,0.004
0.568,,-0.002
0.57,,1.28E-15
0.572,,-0.004
0.574,,-0.005
0.576,,-0.005
0.578,,-0.004
0.58,1.04,-0.002
0.582,,-0.002
0.584,,0.005
0.586,,-0.002
0.588,,-0.002
0.59,,-0.002
0.592,,-0.005
0.594,,-0.004
0.596,,-0.011
0.598,,-0.002
0.6,-0.18,-0.007
0.602,,-0.005
0.604,,0.004
0.606,,0.005
0.608,,-0.005
0.61,,-0.004
0.612,,0.002
0.614,,-0.002
0.616,,-0.004
0.618,,-0.005
0.62,-0.06,-0.007
0.622,,0.002
0.624,,-0.002
0.626,,0.002
0.628,,0.004
0.63,,-0.004
0.632,,-0.007
0.634,,-0.007
0.636,,-0.004
0.638,,-0.004
0.64,-0.53,-0.002
0.642,,1.28E-15
0.644,,0.002
0.646,,0.004
0.648,,-0.002
0.65,,1.28E-15
0.652,,-0.005
0.654,,-0.007
0.656,,1.28E-15
0.658,,1.28E-15
0.66,-0.91,-0.007
0.662,,-0.005
0.664,,0.002
0.666,,1.28E-15
0.668,,-0.005
0.67,,1.28E-15
0.672,,1.28E-15
0.674,,-0.005
0.676,,-0.005
0.678,,1.28E-15
0.68,-0.2,-0.002
0.682,,-0.002
0.684,,0.004
0.686,,1.28E-15
0.688,,-0.002
0.69,,-0.002
0.692,,-0.002
0.694,,1.28E-15
0.696,,-0.004
0.698,,-0.007
0.7,1.08,-0.004
0.702,,1.28E-15
0.704,,1.28E-15
0.706,,0.002
0.708,,0.002
0.71,,-0.005
0.712,,-0.004
0.714,,1.28E-15
0.716,,-0.005
0.718,,-0.002
0.72,0.41,-0.004
0.722,,1.28E-15
0.724,,0.009
0.726,,-0.004
0.728,,-0.005
0.73,,-0.004
0.732,,-0.009
0.734,,-0.007
0.736,,-0.002
0.738,,-0.005
0.74,-0.85,-0.004
0.742,,-0.002
0.744,,0.004
0.746,,0.004
0.748,,1.28E-15
0.75,,1.28E-15
0.752,,-0.004
0.754,,-0.007
0.756,,-0.004
0.758,,-0.007
0.76,-0.53,-0.002
0.762,,1.28E-15
0.764,,-0.002
0.766,,1.28E-15
0.768,,-0.002
0.77,,1.28E-15
0.772,,-0.004
0.774,,-0.005
0.776,,-0.007
0.778,,-0.002
0.78,1.03,-0.007
0.782,,1.28E-15
0.784,,0.002
0.786,,0.002
0.788,,-0.002
0.79,,1.28E-15
0.792,,-0.004
0.794,,-0.005
0.796,,-0.004
0.798,,0.002
0.8,1.3,1.28E-15
0.802,,-0.002
0.804,,0.004
0.806,,-0.004
0.808,,-0.004
0.81,,-0.004
0.812,,-0.004
0.814,,-0.005
0.816,,0.004
0.818,,-0.009
0.82,0.06,-0.005
0.822,,0.002
0.824,,0.002
0.826,,1.28E-15
0.828,,0.002
0.83,,-0.009
0.832,,-0.005
0.834,,-0.005
0.836,,-0.007
0.838,,-0.004
0.84,-0.15,-0.011
0.842,,-0.004
0.844,,1.28E-15
0.846,,-0.005
0.848,,1.28E-15
0.85,,-0.002
0.852,,-0.005
0.854,,-0.004
0.856,,-0.005
0.858,,-0.005
0.86,-0.98,-0.007
0.862,,-0.005
0.864,,1.28E-15
0.866,,0.004
0.868,,-0.004
0.87,,-0.005
0.872,,-0.005
0.874,,-0.009
0.876,,-0.007
0.878,,-0.002
0.88,0.25,-0.005
0.882,,-0.004
0.884,,0.002
0.886,,0.004
0.888,,-0.004
0.89,,-0.004
0.892,,0.004
0.894,,0.002
0.896,,-0.007
0.898,,-0.002
0.9,-0.56,-0.007
0.902,,-0.005
0.904,,0.002
0.906,,0.007
0.908,,1.28E-15
0.91,,-0.004
0.912,,-0.007
0.914,,-0.005
0.916,,-0.009
0.918,,-0.002
0.92,-0.75,-0.009
0.922,,-0.002
0.924,,0.004
0.926,,0.002
0.928,,1.28E-15
0.93,,1.28E-15
0.932,,-0.002
0.934,,1.28E-15
0.936,,-0.002
0.938,,0.002
0.94,0.35,-0.007
0.942,,-0.009
0.944,,0.002
0.946,,1.28E-15
0.948,,-0.005
0.95,,-0.007
0.952,,-0.004
0.954,,-0.004
0.956,,-0.007
0.958,,-0.007
0.96,-0.77,-0.004
0.962,,-0.004
0.964,,0.004
0.966,,-0.005
0.968,,0.002
0.97,,1.28E-15
0.972,,-0.004
0.974,,-0.004
0.976,,-0.007
0.978,,-0.004
0.98,1.14,1.28E-15
0.982,,1.28E-15
0.984,,-0.002
0.986,,0.004
0.988,,-0.005
0.99,,-0.002
0.992,,-0.005
0.994,,-0.005
0.996,,-0.011
0.998,,-0.007
1,0.02,-0.009
1.002,,-0.007
1.004,,0.002
1.006,,-0.004
1.008,,0.002
1.01,,-0.004
1.012,,-0.004
1.014,,-0.007
1.016,,-0.005
1.018,,1.28E-15
1.02,0.35,-0.005
1.022,,-0.004
1.024,,0.002
1.026,,0.005
1.028,,1.28E-15
1.03,,-0.004
1.032,,-0.004
1.034,,-0.002
1.036,,-0.007
1.038,,-0.002
1.04,0.01,-0.004
1.042,,0.002
1.044,,0.002
1.046,,-0.002
1.048,,-0.005
1.05,,-0.005
1.052,,-0.004
1.054,,-0.004
1.056,,-0.007
1.058,,-0.004
1.06,-0.09,-0.004
1.062,,-0.002
1.064,,0.004
1.066,,-0.002
1.068,,1.28E-15
1.07,,-0.005
1.072,,-0.004
1.074,,-0.002
1.076,,-0.005
1.078,,-0.002
1.08,5.63E-04,-0.005
1.082,,1.28E-15
1.084,,0.005
1.086,,1.28E-15
1.088,,1.28E-15
1.09,,-0.004
1.092,,1.28E-15
1.094,,0.002
1.096,,-0.002
1.098,,-0.009
1.1,0.14,-0.004
1.102,,0.002
1.104,,0.005
1.106,,-0.004
1.108,,-0.004
1.11,,-0.002
1.112,,-0.005
1.114,,-0.011
1.116,,-0.004
1.118,,-0.002
1.12,1.95,-0.007
1.122,,0.002
1.124,,0.004
1.126,,-0.005
1.128,,1.28E-15
1.13,,-0.002
1.132,,-0.005
1.134,,-0.002
1.136,,-0.005
1.138,,-0.007
1.14,-0.88,-0.007
1.142,,-0.002
1.144,,0.002
1.146,,1.28E-15
1.148,,-0.004
1.15,,-0.004
1.152,,-0.004
1.154,,-0.005
1.156,,1.28E-15
1.158,,1.28E-15
1.16,0.2,-0.004
1.162,,0.004
1.164,,-0.002
1.166,,1.28E-15
1.168,,-0.005
1.17,,1.28E-15
1.172,,-0.004
1.174,,-0.009
1.176,,-0.002
1.178,,-0.005
1.18,-0.94,-0.002
1.182,,-0.002
1.184,,1.28E-15
1.186,,0.002
1.188,,-0.004
1.19,,1.28E-15
1.192,,-0.009
1.194,,-0.004
1.196,,-0.007
1.198,,0.004
1.2,-1.59,1.28E-15
1.202,,1.28E-15
1.204,,1.28E-15
1.206,,1.28E-15
1.208,,-0.007
1.21,,-0.005
1.212,,-0.005
1.214,,-0.002
1.216,,-0.007
1.218,,-0.004
1.22,-0.17,0.002
1.222,,-0.002
1.224,,0.002
1.226,,1.28E-15
1.228,,0.002
1.23,,-0.009
1.232,,-0.004
1.234,,1.28E-15
1.236,,-0.011
1.238,,-0.002
1.24,-0.65,-0.004
1.242,,-0.007
1.244,,0.004
1.246,,0.005
1.248,,-0.005
1.25,,1.28E-15
1.252,,-0.005
1.254,,-0.002
1.256,,-0.004
1.258,,-0.002
1.26,-0.03,-0.005
1.262,,-0.007
1.264,,-0.002
1.266,,-0.002
1.268,,-0.007
1.27,,-0.005
1.272,,-0.005
1.274,,-0.005
1.276,,-0.004
1.278,,1.28E-15
1.28,-0.06,-0.005
1.282,,-0.002
1.284,,0.005
1.286,,-0.002
1.288,,1.28E-15
1.29,,-0.009
1.292,,-0.002
1.294,,-0.004
1.296,,-0.007
1.298,,-0.007
1.3,0.01,-0.005
1.302,,-0.004
1.304,,0.005
1.306,,-0.002
1.308,,-0.004
1.31,,-0.004
1.312,,-0.005
1.314,,-0.005
1.316,,-0.004
1.318,,-0.005
1.32,0.01,-0.007
1.322,,1.28E-15
1.324,,0.002
1.326,,0.004
1.328,,-0.009
1.33,,-0.004
1.332,,-0.002
1.334,,-0.004
1.336,,-0.004
1.338,,1.28E-15
1.34,0,1.28E-15
1.342,,1.28E-15
1.344,,0.004
1.346,,0.005
1.348,,1.28E-15
1.35,,-0.005
1.352,,1.28E-15
1.354,,-0.002
1.356,,-0.009
1.358,,1.28E-15
1.36,0.03,0.002
1.362,,0.002
1.364,,0.005
1.366,,-0.002
1.368,,-0.004
1.37,,-0.002
1.372,,-0.005
1.374,,1.28E-15
1.376,,-0.005
1.378,,0.002
1.38,-0.03,-0.004
1.382,,-0.002
1.384,,0.002
1.386,,0.004
1.388,,-0.005
1.39,,-0.002
1.392,,-0.002
1.394,,-0.007
1.396,,-0.004
1.398,,-0.004
1.4,0.01,-0.009
1.402,,-0.002
1.404,,1.28E-15
1.406,,0.002
1.408,,-0.007
1.41,,-0.004
1.412,,-0.007
1.414,,-0.005
1.416,,-0.005
1.418,,-0.002
1.42,0.03,-0.002
1.422,,-0.005
1.424,,-0.002
1.426,,0.002
1.428,,0.004
1.43,,-0.002
1.432,,-0.002
1.434,,-0.005
1.436,,1.28E-15
1.438,,-0.005
1.44,-0.03,-0.002
1.442,,-0.002
1.444,,0.004
1.446,,1.28E-15
1.448,,-0.002
1.45,,-0.004
1.452,,-0.009
1.454,,-0.007
1.456,,-0.005
1.458,,-0.004
1.46,-0.03,-0.005
1.462,,-0.005
1.464,,0.002
1.466,,-0.004
1.468,,-0.007
1.47,,-0.002
1.472,,-0.004
1.474,,-0.004
1.476,,-0.005
1.478,,-0.012
1.48,0.03,-0.007
1.482,,-0.005
1.484,,0.005
1.486,,0.002
1.488,,-0.004
1.49,,-0.005
1.492,,-0.005
1.494,,-0.005
1.496,,-0.004
1.498,,-0.004
1.5,0.01,-0.007
1.502,,-0.002
1.504,,-0.002
1.506,,1.28E-15
1.508,,-0.005
1.51,,-0.004
1.512,,-0.007
1.514,,-0.007
1.516,,-0.004
1.518,,-0.007
1.52,-0.04,-0.009
1.522,,-0.011
1.524,,0.002
1.526,,-0.002
1.528,,-0.004
1.53,,-0.005
1.532,,1.28E-15
1.534,,-0.005
1.536,,-0.002
1.538,,-0.004
1.54,0.01,-0.004
1.542,,-0.005
1.544,,0.002
1.546,,-0.005
1.548,,-0.002
1.55,,-0.005
1.552,,-0.005
1.554,,-0.005
1.556,,-0.002
1.558,,-0.004
1.56,0.04,-0.007
1.562,,0.002
1.564,,1.28E-15
1.566,,0.004
1.568,,-0.004
1.57,,-0.004
1.572,,-0.005
1.574,,1.28E-15
1.576,,-0.005
1.578,,-0.004
1.58,-0.01,-0.007
1.582,,-0.007
1.584,,-0.002
1.586,,-0.002
1.588,,0.002
1.59,,1.28E-15
1.592,,-0.004
1.594,,1.28E-15
1.596,,1.28E-15
1.598,,0.002
1.6,-0.03,-0.004
1.602,,-0.002
1.604,,0.007
1.606,,-0.004
1.608,,0.002
1.61,,-0.004
1.612,,-0.002
1.614,,-0.005
1.616,,-0.005
1.618,,-0.005
1.62,0.03,1.28E-15
1.622,,-0.005
1.624,,0.002
1.626,,1.28E-15
1.628,,-0.007
1.63,,1.28E-15
1.632,,-0.005
1.634,,-0.004
1.636,,-0.005
1.638,,-0.005
1.64,0.06,-0.009
1.642,,-0.009
1.644,,0.007
1.646,,0.002
1.648,,-0.004
1.65,,-0.007
1.652,,-0.004
1.654,,-0.005
1.656,,-0.005
1.658,,-0.004
1.66,0.08,-0.007
1.662,,-0.007
1.664,,-0.005
1.666,,0.002
1.668,,-0.009
1.67,,-0.004
1.672,,-0.005
1.674,,-0.007
1.676,,-0.005
1.678,,-0.007
1.68,0.14,-0.009
1.682,,1.28E-15
1.684,,0.002
1.686,,-0.005
1.688,,0.002
1.69,,-0.005
1.692,,0.002
1.694,,-0.004
1.696,,1.28E-15
1.698,,-0.004
1.7,0.15,-0.005
1.702,,0.002
1.704,,0.002
1.706,,-0.002
1.708,,-0.002
1.71,,-0.004
1.712,,-0.005
1.714,,0.002
1.716,,-0.011
1.718,,-0.004
1.72,0.15,-0.004
1.722,,-0.002
1.724,,1.28E-15
1.726,,-0.007
1.728,,-0.007
1.73,,-0.009
1.732,,1.28E-15
1.734,,-0.005
1.736,,0.005
1.738,,-0.011
1.74,0.15,1.28E-15
1.742,,-0.004
1.744,,0.005
1.746,,1.28E-15
1.748,,-0.004
1.75,,-0.004
1.752,,-0.004
1.754,,-0.005
1.756,,-0.009
1.758,,-0.002
1.76,0.15,-0.005
1.762,,1.28E-15
1.764,,-0.007
1.766,,1.28E-15
1.768,,1.28E-15
1.77,,-0.007
1.772,,-0.005
1.774,,1.28E-15
1.776,,-0.007
1.778,,-0.009
1.78,0.15,-0.002
1.782,,-0.005
1.784,,0.007
1.786,,-0.002
1.788,,0.005
1.79,,-0.004
1.792,,1.28E-15
1.794,,-0.007
1.796,,-0.005
1.798,,-0.011
1.8,0.15,-0.007
1.802,,1.28E-15
1.804,,0.002
1.806,,0.005
1.808,,-0.004
1.81,,-0.002
1.812,,-0.002
1.814,,-0.002
1.816,,-0.004
1.818,,-0.005
1.82,0.15,-0.007
1.822,,-0.002
1.824,,0.002
1.826,,-0.002
1.828,,-0.004
1.83,,-0.007
1.832,,-0.002
1.834,,-0.011
1.836,,0.002
1.838,,-0.005
1.84,0.15,-0.002
1.842,,-0.005
1.844,,-0.002
1.846,,-0.002
1.848,,-0.004
1.85,,-0.004
1.852,,-0.009
1.854,,-0.007
1.856,,-0.002
1.858,,1.28E-15
1.86,0.15,-0.004
1.862,,-0.002
1.864,,0.004
1.866,,-0.004
1.868,,-0.005
1.87,,-0.004
1.872,,-0.004
1.874,,-0.004
1.876,,-0.007
1.878,,-0.009
1.88,0.15,-0.002
1.882,,-0.007
1.884,,0.005
1.886,,0.002
1.888,,-0.005
1.89,,-0.011
1.892,,-0.005
1.894,,-0.002
1.896,,-0.005
1.898,,-0.009
1.9,0.16,-0.009
1.902,,-0.002
1.904,,1.28E-15
1.906,,0.004
1.908,,1.28E-15
1.91,,1.28E-15
1.912,,-0.009
1.914,,1.28E-15
1.916,,-0.004
1.918,,-0.004
1.92,0.16,-0.002
1.922,,0.002
1.924,,0.004
1.926,,-0.007
1.928,,-0.002
1.93,,-0.005
1.932,,0.002
1.934,,-0.004
1.936,,-0.002
1.938,,-0.004
1.94,0.16,-0.002
1.942,,-0.005
1.944,,0.004
1.946,,-0.002
1.948,,-0.004
1.95,,1.28E-15
1.952,,-0.004
1.954,,-0.007
1.956,,-0.009
1.958,,-0.002
1.96,0.17,-0.007
1.962,,-0.002
1.964,,0.002
1.966,,0.004
1.968,,1.28E-15
1.97,,-0.002
1.972,,1.28E-15
1.974,,-0.009
1.976,,-0.005
1.978,,-0.007
1.98,0.17,1.28E-15
1.982,,-0.007
1.984,,0.002
1.986,,0.004
1.988,,-0.002
1.99,,1.28E-15
1.992,,-0.005
1.994,,-0.004
1.996,,-0.009
1.998,,-0.004
2,0.17,-0.005
2.002,,-0.005
2.004,,1.28E-15
2.006,,0.005
2.008,,-0.002
2.01,,-0.002
2.012,,-0.007
2.014,,-0.002
2.016,,-0.005
2.018,,-0.002
2.02,0.17,1.28E-15
2.022,,-0.005
2.024,,1.28E-15
2.026,,-0.002
2.028,,0.005
2.03,,-0.004
2.032,,1.28E-15
2.034,,1.28E-15
2.036,,-0.004
2.038,,-0.005
2.04,0.17,-0.009
2.042,,-0.004
2.044,,-0.004
2.046,,-0.002
2.048,,1.28E-15
2.05,,-0.004
2.052,,-0.004
2.054,,-0.009
2.056,,-0.007
2.058,,1.28E-15
2.06,0.18,-0.007
2.062,,1.28E-15
2.064,,0.004
2.066,,0.002
2.068,,-0.004
2.07,,-0.002
2.072,,-0.007
2.074,,-0.005
2.076,,-0.002
2.078,,-0.007
2.08,0.18,-0.002
2.082,,-0.004
2.084,,0.002
2.086,,-0.005
2.088,,0.002
2.09,,-0.007
2.092,,-0.002
2.094,,0.002
2.096,,-0.004
2.098,,-0.002
2.1,0.18,-0.009
2.102,,-0.002
2.104,,-0.004
2.106,,0.002
2.108,,-0.011
2.11,,0.002
2.112,,-0.007
2.114,,-0.004
2.116,,-0.002
2.118,,-0.005
2.12,0.18,-0.007
2.122,,-0.005
2.124,,-0.004
2.126,,-0.002
2.128,,0.002
2.13,,-0.007
2.132,,-0.002
2.134,,1.28E-15
2.136,,1.28E-15
2.138,,-0.012
2.14,0.18,-0.005
2.142,,-0.011
2.144,,1.28E-15
2.146,,0.002
2.148,,-0.002
2.15,,-0.002
2.152,,-0.004
2.154,,-0.005
2.156,,-0.011
2.158,,-0.004
2.16,0.18,-0.004
2.162,,0.002
2.164,,0.002
2.166,,1.28E-15
2.168,,-0.005
2.17,,-0.005
2.172,,-0.004
2.174,,1.28E-15
2.176,,-0.005
2.178,,1.28E-15
2.18,0.19,-0.007
2.182,,0.002
2.184,,0.002
2.186,,-0.004
2.188,,-0.005
2.19,,1.28E-15
2.192,,-0.005
2.194,,1.28E-15
2.196,,-0.007
2.198,,-0.005
2.2,0.19,-0.004
2.202,,-0.005
2.204,,0.005
2.206,,-0.002
2.208,,-0.005
2.21,,-0.007
2.212,,1.28E-15
2.214,,-0.004
2.216,,-0.002
2.218,,-0.004
2.22,0.19,-0.005
2.222,,0.004
2.224,,-0.004
2.226,,1.28E-15
2.228,,-0.002
2.23,,-0.002
2.232,,-0.005
2.234,,-0.005
2.236,,-0.005
2.238,,-0.007
2.24,0.2,-0.004
2.242,,-0.007
2.244,,0.002
2.246,,-0.005
2.248,,0.002
2.25,,-0.004
2.252,,1.28E-15
2.254,,-0.004
2.256,,1.28E-15
2.258,,-0.007
2.26,0.2,-0.005
2.262,,-0.005
2.264,,0.002
2.266,,-0.007
2.268,,-0.005
2.27,,-0.004
2.272,,-0.009
2.274,,-0.007
2.276,,-0.005
2.278,,-0.002
2.28,0.2,-0.004
2.282,,-0.002
2.284,,0.007
2.286,,-0.002
2.288,,1.28E-15
2.29,,-0.004
2.292,,1.28E-15
2.294,,-0.007
2.296,,-0.004
2.298,,-0.004
2.3,0.2,-0.004
2.302,,-0.005
2.304,,0.005
2.306,,-0.004
2.308,,1.28E-15
2.31,,-0.002
2.312,,0.002
2.314,,0.002
2.316,,-0.005
2.318,,0.002
2.32,0.2,-0.002
2.322,,1.28E-15
2.324,,1.28E-15
2.326,,-0.002
2.328,,-0.002
2.33,,-0.007
2.332,,-0.007
2.334,,1.28E-15
2.336,,-0.002
2.338,,-0.004
2.34,0.21,-0.007
2.342,,1.28E-15
2.344,,-0.002
2.346,,-0.004
2.348,,-0.007
2.35,,-0.005
2.352,,-0.004
2.354,,-0.005
2.356,,-0.004
2.358,,1.28E-15
2.36,0.21,0.002
2.362,,-0.002
2.364,,0.002
2.366,,-0.004
2.368,,-0.005
2.37,,-0.005
2.372,,-0.007
2.374,,-0.002
2.376,,-0.002
2.378,,-0.005
2.38,0.21,-0.007
2.382,,-0.002
2.384,,-0.004
2.386,,1.28E-15
2.388,,-0.009
2.39,,-0.002
2.392,,-0.002
2.394,,0.005
2.396,,-0.007
2.398,,-0.005
2.4,0.21,-0.007
2.402,,-0.009
2.404,,0.005
2.406,,-0.007
2.408,,0.002
2.41,,-0.011
2.412,,1.28E-15
2.414,,-0.007
2.416,,0.002
2.418,,-0.004
2.42,0.21,-0.004
2.422,,-0.002
2.424,,-0.002
2.426,,0.005
2.428,,0.002
2.43,,0.002
2.432,,-0.009
2.434,,-0.007
2.436,,1.28E-15
2.438,,0.002
2.44,0.21,-0.002
2.442,,-0.002
2.444,,1.28E-15
2.446,,-0.004
2.448,,0.004
2.45,,-0.002
2.452,,0.004
2.454,,-0.002
2.456,,1.28E-15
2.458,,-0.005
2.46,0.21,-0.007
2.462,,-0.007
2.464,,0.004
2.466,,-0.007
2.468,,-0.007
2.47,,-0.005
2.472,,-0.002
2.474,,-0.002
2.476,,-0.002
2.478,,1.28E-15
2.48,0.22,-0.004
2.482,,1.28E-15
2.484,,0.002
2.486,,0.002
2.488,,-0.002
2.49,,0.002
2.492,,-0.005
2.494,,1.28E-15
2.496,,-0.009
2.498,,1.28E-15
2.5,0.22,-0.005
2.502,,-0.007
2.504,,0.002
2.506,,-0.005
2.508,,0.002
2.51,,-0.009
2.512,,0.005
2.514,,-0.014
2.516,,-0.005
2.518,,-0.011
2.52,0.22,-0.002
2.522,,-0.004
2.524,,-0.005
2.526,,-0.002
2.528,,-0.009
2.53,,-0.005
2.532,,-0.011
2.534,,-0.004
2.536,,-0.011
2.538,,-0.002
2.54,0.22,-0.005
2.542,,-0.005
2.544,,0.005
2.546,,-0.002
2.548,,-0.004
2.55,,-0.005
2.552,,-0.004
2.554,,-0.004
2.556,,-0.011
2.558,,-0.009
2.56,0.22,-0.004
2.562,,-0.002
2.564,,0.002
2.566,,-0.005
2.568,,0.002
2.57,,-0.005
2.572,,1.28E-15
2.574,,-0.007
2.576,,1.28E-15
2.578,,-0.012
2.58,0.22,-0.004
2.582,,-0.002
2.584,,-0.002
2.586,,-0.005
2.588,,1.28E-15
2.59,,-0.002
2.592,,-0.005
2.594,,1.28E-15
2.596,,-0.007
2.598,,-0.002
2.6,0.22,-0.009
2.602,,0.002
2.604,,-0.005
2.606,,0.005
2.608,,-0.004
2.61,,0.002
2.612,,-0.005
2.614,,-0.002
2.616,,1.28E-15
2.618,,-0.007
2.62,0.23,0.004
2.622,,-0.005
2.624,,0.002
2.626,,-0.011
2.628,,0.002
2.63,,-0.007
2.632,,1.28E-15
2.634,,-0.007
2.636,,-0.007
2.638,,-0.004
2.64,0.24,-0.012
2.642,,-0.004
2.644,,-0.007
2.646,,0.004
2.648,,-0.004
2.65,,1.28E-15
2.652,,-0.007
2.654,,1.28E-15
2.656,,-0.007
2.658,,-0.002
2.66,0.24,-0.016
2.662,,-0.002
2.664,,1.28E-15
2.666,,1.28E-15
2.668,,-0.002
2.67,,0.002
2.672,,-0.004
2.674,,-0.005
2.676,,-0.004
2.678,,-0.011
2.68,0.24,-0.004
2.682,,-0.007
2.684,,-0.004
2.686,,-0.002
2.688,,-0.004
2.69,,-0.005
2.692,,-0.004
2.694,,1.28E-15
2.696,,-0.004
2.698,,-0.004
2.7,0.24,1.28E-15
2.702,,-0.002
2.704,,-0.007
2.706,,-0.005
2.708,,0.004
2.71,,-0.009
2.712,,1.28E-15
2.714,,-0.007
2.716,,1.28E-15
2.718,,-0.007
2.72,0.24,1.28E-15
2.722,,-0.011
2.724,,1.28E-15
2.726,,1.28E-15
2.728,,-0.002
2.73,,0.004
2.732,,-0.005
2.734,,-0.007
2.736,,-0.009
2.738,,0.002
2.74,0.24,-0.004
2.742,,-0.005
2.744,,-0.004
2.746,,-0.005
2.748,,-0.007
2.75,,-0.004
2.752,,-0.005
2.754,,-0.009
2.756,,-0.005
2.758,,-0.004
2.76,0.24,-0.004
2.762,,-0.009
2.764,,0.002
2.766,,-0.002
2.768,,0.004
2.77,,-0.004
2.772,,1.28E-15
2.774,,-0.007
2.776,,-0.002
2.778,,-0.007
2.78,0.24,1.28E-15
2.782,,1.28E-15
2.784,,1.28E-15
2.786,,0.002
2.788,,-0.004
2.79,,-0.004
2.792,,-0.007
2.794,,-0.005
2.796,,-0.002
2.798,,-0.005
2.8,0.24,-0.007
2.802,,1.28E-15
2.804,,1.28E-15
2.806,,0.002
2.808,,-0.004
2.81,,-0.004
2.812,,-0.004
2.814,,-0.002
2.816,,-0.005
2.818,,-0.009
2.82,0.25,-0.005
2.822,,-0.007
2.824,,0.002
2.826,,1.28E-15
2.828,,0.002
2.83,,-0.009
2.832,,0.002
2.834,,-0.004
2.836,,-0.007
2.838,,-0.007
2.84,0.25,0.002
2.842,,-0.007
2.844,,-0.002
2.846,,0.002
2.848,,-0.011
2.85,,-0.004
2.852,,-0.002
2.854,,-0.004
2.856,,-0.004
2.858,,-0.007
2.86,0.25,1.28E-15
2.862,,-0.005
2.864,,1.28E-15
2.866,,1.28E-15
2.868,,-0.002
2.87,,-0.007
2.872,,-0.007
2.874,,-0.007
2.876,,-0.007
2.878,,-0.005
2.88,0.25,-0.009
2.882,,-0.002
2.884,,1.28E-15
2.886,,1.28E-15
2.888,,-0.007
2.89,,-0.002
2.892,,-0.002
2.894,,-0.004
2.896,,1.28E-15
2.898,,-0.007
2.9,0.25,-0.002
2.902,,-0.009
2.904,,-0.002
2.906,,0.002
2.908,,-0.005
2.91,,-0.004
2.912,,-0.005
2.914,,1.28E-15
2.916,,-0.007
2.918,,-0.005
2.92,0.26,-0.009
2.922,,-0.004
2.924,,0.002
2.926,,1.28E-15
2.928,,-0.004
2.93,,-0.004
2.932,,-0.007
2.934,,-0.005
2.936,,-0.004
2.938,,-0.002
2.94,0.27,-0.005
2.942,,1.28E-15
2.944,,0.005
2.946,,0.002
2.948,,-0.004
2.95,,-0.004
2.952,,-0.004
2.954,,1.28E-15
2.956,,-0.004
2.958,,-0.004
2.96,0.26,-0.007
2.962,,-0.002
2.964,,-0.004
2.966,,1.28E-15
2.968,,-0.005
2.97,,-0.002
2.972,,-0.007
2.974,,-0.002
2.976,,-0.012
2.978,,-0.005
2.98,0.25,-0.007
2.982,,-0.004
2.984,,-0.009
2.986,,-0.004
2.988,,-0.004
2.99,,-0.009
2.992,,-0.002
2.994,,-0.009
2.996,,0.002
2.998,,-0.004
3,0.26,-0.004
3.002,,-0.005
3.004,,-0.004
3.006,,1.28E-15
3.008,,-0.005
3.01,,-0.002
3.012,,-0.009
3.014,,-0.002
3.016,,-0.004
3.018,,-0.005
3.02,0.25,-0.004
3.022,,-0.002
3.024,,1.28E-15
3.026,,1.28E-15
3.028,,0.002
3.03,,-0.009
3.032,,0.002
3.034,,-0.007
3.036,,-0.002
3.038,,-0.009
3.04,0.26,1.28E-15
3.042,,1.28E-15
3.044,,1.28E-15
3.046,,0.002
3.048,,-0.004
3.05,,-0.004
3.052,,-0.005
3.054,,-0.004
3.056,,-0.009
3.058,,1.28E-15
3.06,0.27,-0.002
3.062,,-0.005
3.064,,0.002
3.066,,1.28E-15
3.068,,0.005
3.07,,-0.005
3.072,,1.28E-15
3.074,,-0.011
3.076,,0.004
3.078,,1.28E-15
3.08,0.27,-0.005
3.082,,-0.011
3.084,,0.004
3.086,,-0.007
3.088,,0.005
3.09,,0.004
3.092,,-0.011
3.094,,-0.004
3.096,,-0.007
3.098,,1.28E-15
3.1,0.27,-0.009
3.102,,-0.004
3.104,,-0.007
3.106,,1.28E-15
3.108,,-0.002
3.11,,1.28E-15
3.112,,1.28E-15
3.114,,-0.004
3.116,,-0.004
3.118,,-0.004
3.12,0.27,-0.005
3.122,,1.28E-15
3.124,,0.002
3.126,,0.004
3.128,,-0.004
3.13,,-0.007
3.132,,-0.005
3.134,,-0.007
3.136,,-0.004
3.138,,-0.004
3.14,0.27,0.002
3.142,,-0.005
3.144,,-0.002
3.146,,-0.004
3.148,,-0.005
3.15,,0.004
3.152,,-0.007
3.154,,0.002
3.156,,-0.009
3.158,,-0.004
3.16,0.28,-0.007
3.162,,-0.002
3.164,,1.28E-15
3.166,,-0.002
3.168,,0.002
3.17,,1.28E-15
3.172,,-0.002
3.174,,-0.005
3.176,,0.005
3.178,,-0.009
3.18,0.28,1.28E-15
3.182,,-0.005
3.184,,0.005
3.186,,0.004
3.188,,-0.002
3.19,,0.002
3.192,,-0.002
3.194,,-0.005
3.196,,-0.004
3.198,,0.004
3.2,0.28,-0.004
3.202,,-0.007
3.204,,1.28E-15
3.206,,-0.004
3.208,,-0.005
3.21,,-0.002
3.212,,-0.007
3.214,,-0.009
3.216,,-0.002
3.218,,-0.007
3.22,0.28,-0.007
3.222,,-0.004
3.224,,1.28E-15
3.226,,-0.002
3.228,,-0.009
3.23,,1.28E-15
3.232,,-0.004
3.234,,-0.005
3.236,,-0.005
3.238,,-0.002
3.24,0.29,-0.005
3.242,,0.002
3.244,,-0.004
3.246,,1.28E-15
3.248,,-0.005
3.25,,0.004
3.252,,-0.012
3.254,,-0.004
3.256,,-0.007
3.258,,-0.007
3.26,0.29,-0.007
3.262,,-0.007
3.264,,-0.002
3.266,,-0.005
3.268,,-0.004
3.27,,-0.007
3.272,,-0.004
3.274,,-0.009
3.276,,0.002
3.278,,-0.007
3.28,0.29,-0.002
3.282,,-0.007
3.284,,1.28E-15
3.286,,-0.005
3.288,,0.004
3.29,,-0.002
3.292,,1.28E-15
3.294,,-0.005
3.296,,1.28E-15
3.298,,-0.004
3.3,0.29,-0.004
3.302,,1.28E-15
3.304,,-0.002
3.306,,0.002
3.308,,-0.005
3.31,,0.004
3.312,,-0.005
3.314,,-0.007
3.316,,-0.005
3.318,,-0.009
3.32,0.29,-0.007
3.322,,-0.002
3.324,,0.002
3.326,,0.002
3.328,,-0.004
3.33,,-0.004
3.332,,-0.007
3.334,,0.002
3.336,,-0.007
3.338,,1.28E-15
3.34,0.3,-0.004
3.342,,1.28E-15
3.344,,-0.002
3.346,,-0.004
3.348,,-0.005
3.35,,-0.004
3.352,,-0.002
3.354,,-0.009
3.356,,0.002
3.358,,-0.009
3.36,0.3,-0.002
3.362,,0.002
3.364,,0.009
3.366,,-0.007
3.368,,0.002
3.37,,-0.007
3.372,,-0.004
3.374,,-0.009
3.376,,-0.009
3.378,,-0.009
3.38,0.29,-0.007
3.382,,-0.005
3.384,,0.002
3.386,,-0.002
3.388,,1.28E-15
3.39,,0.002
3.392,,0.002
3.394,,-0.005
3.396,,-0.002
3.398,,-0.007
3.4,0.3,-0.005
3.402,,1.28E-15
3.404,,0.005
3.406,,-0.002
3.408,,-0.002
3.41,,0.002
3.412,,-0.005
3.414,,-0.005
3.416,,-0.007
3.418,,1.28E-15
3.42,0.31,-0.009
3.422,,1.28E-15
3.424,,1.28E-15
3.426,,1.28E-15
3.428,,-0.002
3.43,,-0.011
3.432,,-0.005
3.434,,-0.005
3.436,,-0.004
3.438,,-0.007
3.44,0.31,1.28E-15
3.442,,-0.002
3.444,,-0.002
3.446,,0.002
3.448,,-0.011
3.45,,0.002
3.452,,-0.012
3.454,,1.28E-15
3.456,,-0.011
3.458,,-0.011
3.46,0.3,-0.007
3.462,,-0.007
3.464,,0.005
3.466,,-0.004
3.468,,1.28E-15
3.47,,-0.007
3.472,,-0.002
3.474,,-0.004
3.476,,1.28E-15
3.478,,-0.004
3.48,0.3,-0.005
3.482,,-0.002
3.484,,0.002
3.486,,0.004
3.488,,-0.005
3.49,,1.28E-15
3.492,,-0.009
3.494,,0.004
3.496,,-0.014
3.498,,-0.002
3.5,0.31,-0.014
3.502,,0.002
3.504,,0.005
3.506,,-0.005
3.508,,1.28E-15
3.51,,-0.002
3.512,,0.004
3.514,,-0.012
3.516,,0.009
3.518,,-0.007
3.52,0.31,-0.002
3.522,,-0.009
3.524,,0.004
3.526,,-0.002
3.528,,-0.007
3.53,,0.004
3.532,,-0.011
3.534,,0.005
3.536,,-0.007
3.538,,0.002
3.54,0.31,-0.011
3.542,,0.005
3.544,,-0.005
3.546,,0.007
3.548,,-0.004
3.55,,1.28E-15
3.552,,-0.005
3.554,,-0.005
3.556,,-0.002
3.558,,-0.012
3.56,0.31,0.004
3.562,,-0.012
3.564,,0.007
3.566,,-0.009
3.568,,0.007
3.57,,-0.007
3.572,,-0.002
3.574,,-0.004
3.576,,-0.011
3.578,,-0.002
3.58,0.31,-0.011
3.582,,0.005
3.584,,-0.002
3.586,,0.009
3.588,,-0.007
3.59,,0.002
3.592,,-0.009
3.594,,0.004
3.596,,-0.014
3.598,,1.28E-15
3.6,0.31,-0.002
3.602,,-0.005
3.604,,-0.002
3.606,,-0.002
3.608,,0.002
3.61,,-0.005
3.612,,0.004
3.614,,-0.011
3.616,,-0.002
3.618,,-0.012
3.62,0.32,-0.005
3.622,,-0.004
3.624,,0.005
3.626,,-0.005
3.628,,0.002
3.63,,-0.002
3.632,,1.28E-15
3.634,,-0.007
3.636,,-0.007
3.638,,-0.005
3.64,0.32,-0.005
3.642,,-0.007
3.644,,1.28E-15
3.646,,-0.004
3.648,,0.002
3.65,,-0.012
3.652,,-0.005
3.654,,-0.009
3.656,,-0.004
3.658,,-0.009
3.66,0.32,-0.002
3.662,,-0.002
3.664,,1.28E-15
3.666,,-0.002
3.668,,-0.011
3.67,,0.002
3.672,,-0.016
3.674,,0.007
3.676,,-0.011
3.678,,-0.007
3.68,0.32,-0.011
3.682,,-0.004
3.684,,-0.002
3.686,,0.002
3.688,,-0.002
3.69,,-0.011
3.692,,-0.002
3.694,,-0.005
3.696,,-0.002
3.698,,-0.007
3.7,0.32,1.28E-15
3.702,,-0.007
3.704,,0.005
3.706,,0.004
3.708,,-0.011
3.71,,1.28E-15
3.712,,-0.009
3.714,,1.28E-15
3.716,,-0.005
3.718,,-0.007
3.72,0.33,-0.007
3.722,,-0.004
3.724,,-0.004
3.726,,0.004
3.728,,-0.007
3.73,,-0.002
3.732,,-0.011
3.734,,1.28E-15
3.736,,-0.005
3.738,,-0.002
3.74,0.33,-0.011
3.742,,0.002
3.744,,0.004
3.746,,1.28E-15
3.748,,0.004
3.75,,-0.004
3.752,,-0.004
3.754,,-0.005
3.756,,1.28E-15
3.758,,-0.009
3.76,0.33,-0.002
3.762,,-0.005
3.764,,0.011
3.766,,-0.011
3.768,,0.009
3.77,,-0.007
3.772,,-0.005
3.774,,-0.005
3.776,,-0.011
3.778,,0.004
3.78,0.33,-0.011
3.782,,0.009
3.784,,-0.012
3.786,,0.007
3.788,,-0.014
3.79,,1.28E-15
3.792,,-0.012
3.794,,0.002
3.796,,-0.016
3.798,,1.28E-15
3.8,0.34,-0.004
3.802,,-0.005
3.804,,0.002
3.806,,-0.005
3.808,,0.004
3.81,,-0.011
3.812,,0.009
3.814,,-0.009
3.816,,0.002
3.818,,-0.005
3.82,0.34,1.28E-15
3.822,,-0.004
3.824,,-0.002
3.826,,0.005
3.828,,-0.004
3.83,,-0.011
3.832,,-0.007
3.834,,-0.004
3.836,,-0.011
3.838,,0.004
3.84,0.33,-0.004
3.842,,1.28E-15
3.844,,1.28E-15
3.846,,0.002
3.848,,-0.002
3.85,,-0.004
3.852,,-0.007
3.854,,-0.012
3.856,,0.004
3.858,,-0.012
3.86,0.34,1.28E-15
3.862,,-0.002
3.864,,0.004
3.866,,-0.009
3.868,,0.009
3.87,,-0.007
3.872,,-0.005
3.874,,-0.005
3.876,,0.002
3.878,,1.28E-15
3.88,0.34,-0.005
3.882,,0.005
3.884,,-0.011
3.886,,0.005
3.888,,-0.012
3.89,,0.007
3.892,,-0.016
3.894,,-0.002
3.896,,-0.014
3.898,,1.28E-15
3.9,0.34,-0.012
3.902,,-0.005
3.904,,0.005
3.906,,-0.016
3.908,,0.009
3.91,,-0.011
3.912,,0.007
3.914,,-0.009
3.916,,-0.002
3.918,,-0.005
3.92,0.33,-0.002
3.922,,-0.002
3.924,,-0.004
3.926,,0.002
3.928,,-0.014
3.93,,0.002
3.932,,-0.012
3.934,,0.009
3.936,,-0.012
3.938,,-0.005
3.94,0.34,-0.007
3.942,,-0.002
3.944,,0.007
3.946,,1.28E-15
3.948,,1.28E-15
3.95,,-0.005
3.952,,-0.009
3.954,,-0.004
3.956,,-0.005
3.958,,-0.011
3.96,0.34,-0.004
3.962,,-0.005
3.964,,0.012
3.966,,-0.012
3.968,,0.005
3.97,,-0.012
3.972,,0.005
3.974,,-0.011
3.976,,-0.004
3.978,,-0.011
3.98,0.34,1.28E-15
3.982,,-0.007
3.984,,0.002
3.986,,0.004
3.988,,-0.005
3.99,,0.004
3.992,,-0.009
3.994,,0.002
3.996,,-0.012
3.998,,0.004
4,0.35,-0.014
4.002,,0.002
4.004,,-0.002
4.006,,0.004
4.008,,-0.011
4.01,,-0.002
4.012,,1.28E-15
4.014,,-0.009
4.016,,-0.002
4.018,,-0.016
4.02,0.35,0.002
4.022,,-0.011
4.024,,0.012
4.026,,-0.009
4.028,,0.009
4.03,,-0.005
4.032,,0.004
4.034,,-0.002
4.036,,-0.002
4.038,,-0.004
4.04,0.35,-0.011
4.042,,0.014
4.044,,-0.012
4.046,,0.014
4.048,,-0.014
4.05,,0.016
4.052,,-0.016
4.054,,0.007
4.056,,-0.016
4.058,,0.002
4.06,0.36,-0.011
4.062,,0.002
4.064,,0.002
4.066,,-0.009
4.068,,1.28E-15
4.07,,-0.007
4.072,,0.005
4.074,,-0.018
4.076,,0.002
4.078,,-0.011
4.08,0.35,1.28E-15
4.082,,-0.002
4.084,,-0.004
4.086,,-0.002
4.088,,-0.002
4.09,,0.002
4.092,,-0.009
4.094,,-0.002
4.096,,-0.005
4.098,,-0.009
4.1,0.35,-0.004
4.102,,0.005
4.104,,-0.002
4.106,,-0.002
4.108,,-0.002
4.11,,-0.005
4.112,,-0.009
4.114,,-0.007
4.116,,-0.004
4.118,,-0.009
4.12,0.35,-0.005
4.122,,-0.004
4.124,,-0.005
4.126,,0.004
4.128,,-0.018
4.13,,0.005
4.132,,-0.011
4.134,,-0.002
4.136,,-0.004
4.138,,-0.004
4.14,0.36,-0.002
4.142,,-0.004
4.144,,0.004
4.146,,-0.004
4.148,,0.004
4.15,,-0.004
4.152,,-0.004
4.154,,-0.005
4.156,,-0.002
4.158,,-0.002
4.16,0.36,-0.011
4.162,,-0.002
4.164,,-0.007
4.166,,0.005
4.168,,-0.011
4.17,,-0.002
4.172,,-0.007
4.174,,1.28E-15
4.176,,-0.011
4.178,,-0.007
4.18,0.36,-0.004
4.182,,-0.005
4.184,,0.005
4.186,,-0.007
4.188,,0.002
4.19,,-0.007
4.192,,0.011
4.194,,-0.004
4.196,,-0.002
4.198,,-0.002
4.2,0.36,-0.004
4.202,,0.002
4.204,,-0.009
4.206,,0.005
4.208,,-0.011
4.21,,1.28E-15
4.212,,-0.009
4.214,,1.28E-15
4.216,,-0.012
4.218,,-0.004
4.22,0.37,-0.009
4.222,,0.004
4.224,,0.004
4.226,,-0.005
4.228,,-0.005
4.23,,-0.004
4.232,,0.002
4.234,,-0.007
4.236,,0.002
4.238,,-0.016
4.24,0.38,-0.002
4.242,,-0.007
4.244,,0.004
4.246,,-0.004
4.248,,-0.009
4.25,,-0.005
4.252,,-0.009
4.254,,0.007
4.256,,-0.016
4.258,,-0.002
4.26,0.38,-0.016
4.262,,0.002
4.264,,-0.005
4.266,,0.009
4.268,,-0.011
4.27,,0.002
4.272,,-0.005
4.274,,-0.004
4.276,,0.002
4.278,,-0.012
4.28,0.38,-0.005
4.282,,-0.009
4.284,,0.009
4.286,,-0.009
4.288,,0.004
4.29,,-0.012
4.292,,-0.002
4.294,,-0.007
4.296,,-0.005
4.298,,-0.004
4.3,0.35,-0.007
4.302,,0.004
4.304,,-0.005
4.306,,0.011
4.308,,-0.012
4.31,,0.005
4.312,,-0.012
4.314,,0.002
4.316,,-0.012
4.318,,0.002
4.32,0.33,-0.012
4.322,,-0.005
4.324,,0.002
4.326,,-0.007
4.328,,0.004
4.33,,-0.014
4.332,,1.28E-15
4.334,,-0.009
4.336,,1.28E-15
4.338,,-0.009
4.34,0.35,-0.011
4.342,,1.28E-15
4.344,,-0.009
4.346,,0.004
4.348,,-0.018
4.35,,0.005
4.352,,-0.016
4.354,,-0.004
4.356,,-0.014
4.358,,-0.007
4.36,0.38,-0.009
4.362,,-0.009
4.364,,-0.004
4.366,,-0.009
4.368,,-0.005
4.37,,-0.012
4.372,,-0.002
4.374,,-0.011
4.376,,-0.011
4.378,,-0.016
4.38,0.4,-0.005
4.382,,-0.005
4.384,,-0.009
4.386,,-0.007
4.388,,-0.018
4.39,,-0.012
4.392,,-0.021
4.394,,-0.009
4.396,,-0.016
4.398,,-0.011
4.4,0.2,-0.019
4.402,,-0.019
4.404,,-0.005
4.406,,3.219
4.408,,34.7
4.41,,24.037
4.412,,4.445
4.414,,2.851
4.416,,1.473
4.418,,-0.363
4.42,-0.1,0.002
4.422,,0.436
4.424,,0.26
4.426,,-0.287
4.428,,-0.202
4.43,,-0.225
4.432,,0.421
4.434,,0.127
4.436,,0.002
4.438,,-0.28
4.44,-0.17,-0.093
4.442,,0.113
4.444,,0.172
4.446,,0.018
4.448,,-0.169
4.45,,-0.067
4.452,,0.023
4.454,,0.194
4.456,,-0.035
4.458,,-0.058
4.46,-0.16,-0.118
4.462,,0.023
4.464,,0.141
4.466,,0.086
4.468,,-0.03
4.47,,-0.093
4.472,,-0.009
4.474,,0.039
4.476,,0.107
4.478,,-0.037
4.48,-0.15,-0.044
4.482,,-0.069
4.484,,0.042
4.486,,0.062
4.488,,0.018
4.49,,-0.035
4.492,,-0.049
4.494,,0.021
4.496,,0.026
4.498,,0.035
4.5,-0.15,-0.042
4.502,,-0.018
4.504,,-0.005
4.506,,0.039
4.508,,0.021
4.51,,-0.016
4.512,,-0.03
4.514,,-0.023
4.516,,0.009
4.518,,0.019
4.52,-0.15,0.007
4.522,,-0.023
4.524,,-0.004
4.526,,-0.002
4.528,,0.032
4.53,,0.004
4.532,,-0.002
4.534,,-0.019
4.536,,-0.004
4.538,,0.012
4.54,-0.16,0.009
4.542,,0.004
4.544,,-0.014
4.546,,1.28E-15
4.548,,0.009
4.55,,0.014
4.552,,-0.002
4.554,,-0.004
4.556,,-0.012
4.558,,0.005
4.56,-0.15,1.28E-15
4.562,,0.002
4.564,,0.004
4.566,,-0.011
4.568,,1.28E-15
4.57,,0.007
4.572,,0.005
4.574,,-0.009
4.576,,-0.005
4.578,,-0.007
4.58,-0.12,0.012
4.582,,0.005
4.584,,0.002
4.586,,-0.002
4.588,,-0.004
4.59,,0.009
4.592,,0.004
4.594,,-0.002
4.596,,-0.011
4.598,,-0.005
4.6,-0.13,0.004
4.602,,0.002
4.604,,0.002
4.606,,-0.005
4.608,,1.28E-15
4.61,,1.28E-15
4.612,,-0.004
4.614,,1.28E-15
4.616,,-0.005
4.618,,-0.011
4.62,-0.14,-0.009
4.622,,-0.004
4.624,,0.007
4.626,,0.007
4.628,,0.002
4.63,,1.28E-15
4.632,,-0.004
4.634,,0.005
4.636,,-0.005
4.638,,-0.007
4.64,-0.12,-0.005
4.642,,0.002
4.644,,0.014
4.646,,0.002
4.648,,-0.002
4.65,,-0.002
4.652,,0.002
4.654,,-0.002
4.656,,-0.004
4.658,,-0.005
4.66,-0.13,0.002
4.662,,-0.002
4.664,,0.005
4.666,,-0.004
4.668,,-0.004
4.67,,0.002
4.672,,-0.002
4.674,,-0.004
4.676,,-0.004
4.678,,-0.002
4.68,-0.13,-0.005
4.682,,1.28E-15
4.684,,-0.002
4.686,,0.004
4.688,,-0.002
4.69,,1.28E-15
4.692,,-0.002
4.694,,-0.002
4.696,,0.002
4.698,,0.005
4.7,-0.11,-0.002
4.702,,-0.002
4.704,,0.002
4.706,,-0.002
4.708,,0.002
4.71,,-0.002
4.712,,-0.002
4.714,,1.28E-15
4.716,,1.28E-15
4.718,,-0.005
4.72,-0.13,-0.002
4.722,,-0.011
4.724,,0.002
4.726,,-0.004
4.728,,0.004
4.73,,-0.005
4.732,,-0.007
4.734,,0.002
4.736,,-0.011
4.738,,-0.002
4.74,-0.12,-0.012
4.742,,0.007
4.744,,-0.007
4.746,,0.004
4.748,,-0.007
4.75,,-0.002
4.752,,-0.005
4.754,,1.28E-15
4.756,,-0.005
4.758,,-0.009
4.76,-0.13,0.002
4.762,,-0.007
4.764,,0.012
4.766,,-0.009
4.768,,0.002
4.77,,-0.004
4.772,,-0.002
4.774,,-0.011
4.776,,1.28E-15
4.778,,-0.007
4.78,-0.13,-0.002
4.782,,-0.005
4.784,,0.004
4.786,,0.007
4.788,,-0.007
4.79,,-0.002
4.792,,-0.009
4.794,,0.007
4.796,,-0.007
4.798,,-0.009
4.8,-0.11,-0.005
4.802,,-0.005
4.804,,0.005
4.806,,-0.002
4.808,,0.002
4.81,,-0.007
4.812,,-0.002
4.814,,-0.005
4.816,,-0.005
4.818,,-0.004
4.82,-0.12,1.28E-15
4.822,,1.28E-15
4.824,,1.28E-15
4.826,,-0.002
4.828,,0.005
4.83,,1.28E-15
4.832,,-0.004
4.834,,0.004
4.836,,-0.004
4.838,,-0.005
4.84,-0.12,-0.007
4.842,,-0.005
4.844,,-0.002
4.846,,0.002
4.848,,0.004
4.85,,1.28E-15
4.852,,-0.004
4.854,,-0.004
4.856,,-0.005
4.858,,-0.002
4.86,-0.11,-0.004
4.862,,-0.005
4.864,,0.004
4.866,,-0.002
4.868,,-0.004
4.87,,1.28E-15
4.872,,1.28E-15
4.874,,-0.002
4.876,,-0.004
4.878,,-0.005
4.88,-0.11,0.002
4.882,,-0.002
4.884,,0.004
4.886,,0.002
4.888,,1.28E-15
4.89,,-0.002
4.892,,1.28E-15
4.894,,-0.009
4.896,,-0.004
4.898,,-0.007
4.9,-0.11,-0.005
4.902,,1.28E-15
4.904,,1.28E-15
4.906,,-0.007
4.908,,-0.004
4.91,,-0.002
4.912,,-0.005
4.914,,-0.005
4.916,,-0.002
4.918,,-0.004
4.92,-0.1,-0.004
4.922,,-0.002
4.924,,0.005
4.926,,-0.005
4.928,,1.28E-15
4.93,,-0.004
4.932,,-0.004
4.934,,-0.002
4.936,,-0.005
4.938,,1.28E-15
4.94,-0.1,-0.002
4.942,,-0.004
4.944,,0.004
4.946,,0.002
4.948,,-0.002
4.95,,0.002
4.952,,-0.005
4.954,,-0.004
4.956,,-0.004
4.958,,-0.007
4.96,-0.1,0.002
4.962,,-0.004
4.964,,0.007
4.966,,-0.002
4.968,,1.28E-15
4.97,,-0.007
4.972,,-0.004
4.974,,-0.009
4.976,,-0.005
4.978,,-0.005
4.98,-0.09,-0.004
4.982,,0.002
4.984,,-0.002
4.986,,-0.002
4.988,,-0.004
4.99,,0.004
4.992,,-0.004
4.994,,-0.004
4.996,,-0.004
4.998,,-0.002
5,-0.1,-0.002
5.002,,-0.002
5.004,,1.28E-15
5.006,,0.002
5.008,,-0.009
5.01,,-0.009
5.012,,-0.009
5.014,,-0.007
5.016,,0.005
5.018,,-0.005
5.02,-0.09,-0.004
5.022,,1.28E-15
5.024,,-0.002
5.026,,-0.005
5.028,,0.005
5.03,,-0.007
5.032,,-0.002
5.034,,-0.002
5.036,,-0.002
5.038,,-0.007
5.04,-0.09,-0.007
5.042,,-0.002
5.044,,-0.005
5.046,,0.004
5.048,,-0.005
5.05,,-0.002
5.052,,-0.004
5.054,,0.002
5.056,,-0.005
5.058,,-0.002
5.06,-0.1,1.28E-15
5.062,,-0.007
5.064,,0.009
5.066,,1.28E-15
5.068,,1.28E-15
5.07,,-0.005
5.072,,-0.002
5.074,,-0.011
5.076,,-0.004
5.078,,-0.002
5.08,,-0.007
5.082,,1.28E-15
5.084,,1.28E-15
5.086,,0.005
5.088,,-0.005
5.09,,0.002
5.092,,-0.002
5.094,,1.28E-15
5.096,,-0.004
5.098,,1.28E-15
5.1,,-0.004
5.102,,-0.002
5.104,,-0.004
5.106,,1.28E-15
5.108,,0.004
5.11,,-0.005
5.112,,1.28E-15
5.114,,-0.005
5.116,,-0.005
5.118,,-0.004
5.12,,0.004
5.122,,-0.004
5.124,,0.004
5.126,,-0.004
5.128,,-0.002
5.13,,-0.004