1 Bar Leather,2 Bar Leather,3 Bar Leather,4 Bar Leather,1 Bar Felt,2 Bar Felt,3 Bar Felt,4 Bar Felt
0.002,-0.008,-0.011,-0.003,-0.006,-0.011,0.178,-0.006
0.004,-0.006,-0.008,-0.006,-0.008,-0.01,0.18,-0.004
0.002,-0.004,-0.006,-0.004,-0.008,-0.011,0.178,-0.008
0.002,-0.006,-0.008,-0.004,-0.006,-0.01,0.178,-0.004
-0.0009672,-0.006,-0.008,-0.004,-0.008,-0.013,0.181,-0.006
0.002,-0.006,-0.01,-0.004,-0.008,-0.01,0.18,-0.004
-0.0009672,-0.004,-0.006,-0.004,-0.008,-0.015,0.18,-0.004
0.0007522,-0.008,-0.008,-0.004,-0.008,-0.011,0.178,-0.006
-0.0009672,-0.006,-0.01,-0.003,-0.01,-0.011,0.183,-0.006
0.0007522,-0.006,-0.008,-0.006,-0.008,-0.011,0.183,-0.004
0.002,-0.006,-0.008,-0.006,-0.008,-0.011,0.18,-0.003
0.002,-0.006,-0.01,-0.006,-0.006,-0.011,0.183,-0.006
-0.0009672,-0.008,-0.004,-0.004,-0.006,-0.013,0.183,-0.006
0.002,-0.008,-0.006,-0.004,-0.008,-0.01,0.183,-0.006
0.0007522,-0.006,-0.004,-0.008,-0.008,-0.013,0.181,-0.004
-0.0009672,-0.006,-0.006,-0.003,-0.008,-0.01,0.185,-0.008
-0.0009672,-0.006,-0.008,-0.006,-0.01,-0.011,0.188,-0.006
0.002,-0.006,-0.006,-0.004,-0.008,-0.011,0.185,-0.006
0.0007522,-0.008,-0.006,-0.004,-0.008,-0.013,0.183,-0.008
0.0007522,-0.008,-0.006,-0.003,-0.003,-0.01,0.186,-0.008
0.006,-0.006,-0.006,-0.006,-0.008,-0.013,0.186,-0.004
0.002,-0.006,-0.004,-0.004,-0.006,-0.013,0.19,-0.008
0.004,-0.006,-0.006,-0.004,-0.004,-0.01,0.186,-0.006
0.002,-0.006,-0.008,-0.004,-0.006,-0.01,0.19,-0.008
0.0007522,-0.006,-0.008,-0.008,-0.006,-0.01,0.192,-0.008
0.002,-0.004,-0.008,-0.006,-0.006,-0.01,0.188,-0.006
-0.003,-0.006,-0.008,-0.004,-0.003,-0.011,0.185,-0.008
0.0007522,-0.006,-0.008,-0.008,-0.004,-0.013,0.188,-0.008
0.0007522,-0.006,-0.008,-0.004,-0.008,-0.01,0.188,-0.008
0.006,-0.003,-0.006,-0.006,-0.006,-0.008,0.188,-0.008
0.002,-0.008,-0.006,-0.006,-0.008,-0.01,0.188,-0.008
-0.0009672,-0.006,-0.006,-0.0009672,-0.008,-0.013,0.192,-0.004
-0.0009672,-0.004,-0.008,-0.006,-0.008,-0.015,0.19,-0.006
-0.0009672,-0.006,-0.008,-0.006,-0.01,-0.01,0.192,-0.01
-0.0009672,-0.006,-0.004,-0.006,-0.013,-0.006,0.19,-0.006
0.0007522,-0.008,-0.008,-0.004,-0.01,-0.01,0.192,-0.006
0.002,-0.004,-0.006,-0.004,-0.008,-0.008,0.192,-0.006
0.004,-0.006,-0.006,-0.006,-0.008,-0.008,0.211,-0.008
0.0007522,-0.008,-0.006,-0.003,-0.008,-0.01,0.231,-0.006
0.002,-0.006,-0.006,-0.006,-0.01,-0.01,0.24,-0.01
0.0007522,-0.004,-0.004,-0.006,-0.011,-0.008,0.24,-0.004
-0.0009672,-0.004,-0.004,-0.004,-0.01,-0.01,0.236,-0.003
0.002,-0.006,-0.006,-0.006,-0.006,-0.011,0.235,-0.008
-0.0009672,-0.008,-0.008,-0.008,-0.006,-0.01,0.235,-0.006
0.0007522,0.004,-0.006,-0.006,-0.004,-0.008,0.236,-0.004
0.0007522,0.004,-0.006,-0.004,-0.008,-0.011,0.235,-0.003
0.0007522,-0.0009672,-0.006,-0.004,-0.004,-0.01,0.236,-0.006
0.0007522,-0.003,-0.006,-0.006,-0.006,-0.011,0.236,-0.003
0.004,-0.0009672,-0.008,-0.004,-0.006,-0.011,0.235,-0.003
0.0007522,0.0007522,-0.01,-0.008,-0.004,-0.01,0.238,-0.0009672
0.0007522,-0.0009672,-0.008,-0.006,-0.006,-0.011,0.235,0.002
0.002,0.0007522,-0.006,-0.004,-0.003,-0.008,0.236,0.011
0.002,0.004,-0.006,-0.006,-0.006,-0.008,0.236,0.039
-0.0009672,0.004,-0.003,-0.006,-0.003,-0.01,0.236,0.092
0.002,-0.0009672,-0.003,-0.006,-0.006,-0.01,0.236,0.173
0.0007522,-0.004,-0.008,-0.006,-0.008,-0.011,0.238,0.267
0.0007522,-0.006,-0.008,-0.006,-0.006,-0.01,0.235,0.357
0.002,-0.006,-0.004,-0.003,-0.006,-0.01,0.236,0.443
0.002,-0.006,-0.004,-0.004,0.004,-0.01,0.235,0.523
-0.0009672,-0.003,-0.006,-0.006,0.156,-0.008,0.235,0.596
0.002,0.02,-0.006,-0.006,0.537,-0.01,0.233,0.659
0.002,0.331,-0.004,-0.003,0.766,-0.011,0.236,0.706
0.0007522,1.024,-0.006,-0.006,0.812,-0.011,0.241,0.747
-0.0009672,0.957,-0.01,-0.006,0.821,-0.011,0.255,0.787
0.0007522,0.601,-0.006,-0.008,0.854,-0.01,0.293,0.814
0.0007522,0.699,-0.008,-0.004,0.893,-0.01,0.329,0.835
0.0007522,0.903,-0.006,-0.004,0.912,-0.01,0.352,0.845
0.002,0.933,-0.006,-0.004,0.912,-0.011,0.377,0.857
0.002,0.883,-0.003,-0.004,0.902,-0.008,0.434,0.874
0.004,0.824,-0.008,-0.004,0.898,-0.011,0.493,0.897
0.002,0.762,-0.006,-0.008,0.905,-0.011,0.542,0.917
0.0007522,0.697,-0.006,-0.004,0.931,-0.01,0.592,0.943
-0.0009672,0.652,-0.003,-0.004,0.976,-0.008,0.649,0.969
-0.0009672,0.635,-0.006,-0.004,1.039,-0.01,0.709,1.008
0.002,0.633,-0.004,-0.003,1.125,-0.008,0.78,1.06
0.002,0.644,-0.006,-0.008,1.254,-0.008,0.833,1.125
0.0007522,0.68,-0.008,-0.006,1.406,-0.008,0.862,1.194
0.0007522,0.735,-0.008,-0.008,1.576,-0.011,0.89,1.265
0.0007522,0.792,-0.008,-0.004,1.732,-0.013,0.919,1.328
0.009,0.86,-0.006,-0.004,1.859,-0.01,0.953,1.412
0.002,0.929,-0.004,-0.004,1.935,-0.013,1.001,1.504
0.002,1.01,-0.004,-0.006,1.959,-0.015,1.058,1.598
0.004,1.12,-0.006,-0.008,1.94,-0.011,1.132,1.694
0.002,1.235,-0.004,-0.008,1.928,-0.01,1.206,1.77
0.004,1.337,-0.004,-0.01,1.966,-0.01,1.271,1.841
0.004,1.433,0.0007522,-0.006,2.035,-0.011,1.314,1.89
0.002,1.531,-0.004,-0.004,2.121,-0.013,1.352,1.906
-0.0009672,1.612,-0.004,-0.01,2.193,-0.013,1.395,1.911
0.002,1.672,-0.004,-0.008,2.231,-0.01,1.424,1.914
0.002,1.748,-0.006,-0.006,2.215,-0.01,1.449,1.928
0.0007522,1.853,-0.006,-0.006,2.166,-0.003,1.486,1.959
0.002,1.987,-0.006,-0.006,2.116,-0.008,1.531,2
0.002,2.097,-0.003,-0.008,2.064,-0.008,1.572,2.042
0.004,2.172,-0.003,-0.006,2.006,-0.01,1.612,2.08
0.002,2.231,-0.006,-0.004,1.942,-0.011,1.672,2.104
0.004,2.289,-0.003,-0.003,1.882,-0.008,1.736,2.124
0.004,2.353,-0.0009672,-0.003,1.825,-0.01,1.798,2.157
-0.0009672,2.392,0.002,-0.006,1.76,-0.011,1.842,2.219
0.002,2.405,0.032,-0.004,1.688,-0.011,1.873,2.294
0.0007522,2.423,0.264,-0.006,1.627,-0.013,1.906,2.358
-0.003,2.484,0.745,-0.004,1.589,-0.01,1.957,2.396
0.0007522,2.561,0.941,-0.006,1.584,-0.01,2.019,2.43
-0.003,2.637,0.816,-0.004,1.589,-0.01,2.083,2.47
0.002,2.723,0.749,-0.004,1.579,-0.011,2.143,2.523
0.015,2.831,0.874,-0.006,1.545,-0.011,2.217,2.575
0.021,2.962,1.041,-0.003,1.516,-0.015,2.282,2.628
0.033,3.054,1.044,-0.004,1.493,-0.013,2.339,2.685
0.195,3.101,0.955,-0.004,1.461,-0.013,2.396,2.728
0.453,3.132,0.912,-0.006,1.428,-0.013,2.46,2.735
0.676,3.151,0.965,-0.006,1.419,-0.011,2.537,2.723
0.85,3.152,1.02,-0.004,1.433,-0.01,2.625,2.719
0.955,3.12,1.048,-0.004,1.45,-0.011,2.702,2.742
0.991,3.075,1.096,-0.006,1.45,-0.01,2.769,2.779
1.034,3.02,1.187,-0.008,1.45,-0.011,2.824,2.822
1.118,2.943,1.318,-0.006,1.474,-0.013,2.876,2.877
1.196,2.884,1.457,-0.008,1.514,-0.01,2.915,2.939
1.242,2.862,1.569,-0.004,1.524,-0.011,2.946,3.013
1.266,2.877,1.648,-0.004,1.493,-0.013,2.974,3.073
1.271,2.931,1.718,-0.003,1.438,-0.015,3.005,3.108
1.254,3.013,1.823,-0.004,1.39,-0.01,3.039,3.122
1.227,3.087,1.964,-0.006,1.356,-0.011,3.084,3.154
1.206,3.111,2.164,-0.004,1.316,-0.013,3.127,3.192
1.191,3.099,2.382,-0.003,1.294,-0.011,3.164,3.24
1.191,3.089,2.597,-0.003,1.292,-0.013,3.197,3.276
1.237,3.066,2.752,-0.004,1.301,-0.015,3.23,3.328
1.302,3.041,2.855,-0.004,1.311,-0.011,3.257,3.383
1.35,3.018,2.917,-0.003,1.301,-0.011,3.278,3.453
1.418,2.991,2.939,-0.008,1.295,-0.011,3.285,3.548
1.498,2.963,2.936,-0.006,1.321,-0.008,3.293,3.658
1.572,2.939,2.963,-0.006,1.35,-0.015,3.309,3.785
1.632,2.931,3.051,-0.008,1.34,-0.013,3.357,3.912
1.67,2.951,3.17,-0.006,1.311,-0.016,3.431,4.024
1.724,2.972,3.318,-0.004,1.29,-0.015,3.517,4.105
1.786,2.963,3.459,-0.006,1.266,-0.011,3.605,4.162
1.854,2.958,3.606,-0.0009672,1.239,-0.008,3.677,4.21
1.904,2.946,3.747,0.0007522,1.228,-0.008,3.744,4.234
1.949,2.925,3.881,0.013,1.246,-0.01,3.813,4.237
1.878,2.896,3.995,0.04,1.299,-0.011,3.875,4.225
1.751,2.84,4.077,0.104,1.352,-0.011,3.928,4.213
1.667,2.771,4.133,0.226,1.387,-0.011,3.978,4.22
1.614,2.717,4.21,0.389,1.404,-0.013,4.012,4.246
1.6,2.711,4.323,0.554,1.397,-0.01,4.028,4.275
1.617,2.738,4.433,0.726,1.352,-0.008,4.016,4.294
1.662,2.778,4.504,0.897,1.28,-0.01,3.985,4.301
1.71,2.805,4.537,1.055,1.225,-0.011,3.95,4.316
1.739,2.809,4.549,1.21,1.197,-0.01,3.919,4.349
1.736,2.783,4.564,1.335,1.213,-0.011,3.907,4.385
1.706,2.743,4.566,1.45,1.251,-0.011,3.904,4.418
1.663,2.699,4.547,1.555,1.304,-0.013,3.909,4.457
1.62,2.661,4.555,1.646,1.357,-0.011,3.911,4.523
1.603,2.65,4.621,1.722,1.399,-0.01,3.918,4.588
1.615,2.664,4.734,1.811,1.418,-0.008,3.937,4.648
1.631,2.674,4.808,1.908,1.411,-0.01,3.945,4.7
1.572,2.668,4.801,2.004,1.376,-0.008,3.937,4.729
1.516,2.654,4.738,2.102,1.32,-0.008,3.921,4.743
1.5,2.613,4.679,2.221,1.251,-0.011,3.923,4.733
1.474,2.542,4.655,2.337,1.208,-0.013,3.942,4.715
1.44,2.47,4.66,2.456,1.21,-0.008,3.973,4.724
1.364,2.442,4.695,2.59,1.227,-0.011,3.995,4.76
1.282,2.449,4.767,2.729,1.254,-0.011,3.997,4.808
1.228,2.484,4.863,2.889,1.29,-0.01,3.981,4.868
1.22,2.527,4.905,3.063,1.318,-0.01,3.952,4.934
1.227,2.564,4.839,3.226,1.326,-0.011,3.933,4.994
1.223,2.588,4.703,3.412,1.316,-0.008,3.914,5.049
1.237,2.588,4.585,3.613,1.29,-0.011,3.894,5.094
1.277,2.566,4.511,3.813,1.277,-0.01,3.876,5.138
1.297,2.532,4.442,4.035,1.277,-0.01,3.864,5.214
1.273,2.516,4.382,4.267,1.283,-0.011,3.849,5.307
1.254,2.509,4.322,4.497,1.295,-0.01,3.835,5.391
1.275,2.518,4.243,4.71,1.297,-0.011,3.816,5.451
1.302,2.523,4.165,4.905,1.294,-0.01,3.789,5.491
1.292,2.521,4.084,5.059,1.282,-0.008,3.758,5.508
1.256,2.528,4.026,5.187,1.259,-0.008,3.749,5.503
1.259,2.532,4.048,5.312,1.247,-0.006,3.756,5.467
1.271,2.537,4.127,5.438,1.24,-0.01,3.763,5.427
1.29,2.539,4.212,5.561,1.24,-0.01,3.744,5.383
1.323,2.527,4.249,5.687,1.244,-0.008,3.715,5.35
1.356,2.508,4.218,5.79,1.258,-0.006,3.679,5.303
1.371,2.484,4.138,5.878,1.28,-0.003,3.656,5.247
1.363,2.477,4.041,5.974,1.313,-0.004,3.655,5.192
1.373,2.501,3.962,6.069,1.347,-0.003,3.663,5.152
1.369,2.545,3.921,6.134,1.378,-0.0009672,3.67,5.135
1.364,2.583,3.911,6.129,1.404,-0.0009672,3.679,5.116
1.383,2.619,3.919,6.081,1.43,-0.0009672,3.675,5.104
1.411,2.647,3.928,6.007,1.438,0.004,3.663,5.107
1.409,2.654,3.923,5.931,1.442,0.009,3.648,5.113
1.388,2.619,3.912,5.867,1.438,0.023,3.627,5.101
1.368,2.571,3.916,5.836,1.426,0.044,3.605,5.08
1.366,2.545,3.945,5.84,1.409,0.075,3.587,5.04
1.387,2.545,3.974,5.869,1.393,0.125,3.577,4.996
1.419,2.549,3.971,5.91,1.387,0.198,3.562,4.951
1.43,2.544,3.949,5.95,1.378,0.293,3.543,4.898
1.428,2.532,3.938,5.988,1.366,0.388,3.507,4.836
1.436,2.52,3.919,6.022,1.354,0.493,3.464,4.767
1.438,2.515,3.885,6.062,1.344,0.601,3.45,4.722
1.428,2.525,3.842,6.108,1.344,0.701,3.453,4.698
1.409,2.542,3.797,6.153,1.337,0.768,3.446,4.688
1.387,2.558,3.778,6.186,1.321,0.83,3.421,4.703
1.387,2.552,3.797,6.208,1.308,0.902,3.376,4.736
1.406,2.558,3.851,6.21,1.313,1,3.297,4.755
1.431,2.559,3.902,6.182,1.328,1.099,3.211,4.755
1.442,2.545,3.923,6.13,1.332,1.21,3.159,4.738
1.43,2.513,3.916,6.053,1.337,1.323,3.135,4.722
1.431,2.492,3.887,5.96,1.349,1.461,3.132,4.709
1.436,2.472,3.856,5.867,1.345,1.579,3.14,4.695
1.452,2.46,3.845,5.773,1.332,1.662,3.147,4.674
1.491,2.468,3.854,5.69,1.316,1.729,3.139,4.652
1.533,2.478,3.864,5.628,1.311,1.794,3.109,4.621
1.54,2.478,3.894,5.591,1.304,1.868,3.066,4.592
1.521,2.484,3.926,5.565,1.309,1.988,3.042,4.576
1.498,2.465,3.949,5.53,1.316,2.135,3.056,4.564
1.481,2.435,3.954,5.494,1.313,2.277,3.096,4.543
1.474,2.434,3.93,5.448,1.309,2.401,3.127,4.509
1.478,2.444,3.909,5.396,1.314,2.477,3.125,4.471
1.485,2.456,3.918,5.362,1.325,2.515,3.101,4.442
1.497,2.466,3.943,5.34,1.318,2.556,3.07,4.423
1.505,2.475,3.966,5.346,1.292,2.592,3.053,4.408
1.507,2.506,3.974,5.369,1.259,2.582,3.058,4.397
1.517,2.539,3.966,5.413,1.246,2.537,3.092,4.387
1.529,2.545,3.943,5.462,1.246,2.485,3.132,4.365
1.545,2.54,3.912,5.508,1.252,2.478,3.171,4.334
1.576,2.533,3.883,5.537,1.273,2.525,3.204,4.311
1.605,2.518,3.876,5.539,1.297,2.606,3.22,4.298
1.6,2.513,3.888,5.518,1.302,2.674,3.228,4.304
1.589,2.525,3.907,5.481,1.283,2.724,3.252,4.325
1.571,2.532,3.923,5.419,1.247,2.783,3.307,4.361
1.55,2.53,3.943,5.357,1.211,2.86,3.374,4.418
1.567,2.521,3.937,5.3,1.187,2.92,3.405,4.487
1.572,2.509,3.902,5.264,1.168,2.974,3.391,4.543
1.55,2.494,3.887,5.235,1.16,3.051,3.352,4.58
1.531,2.475,3.895,5.217,1.173,3.154,3.312,4.597
1.531,2.461,3.911,5.214,1.199,3.252,3.29,4.585
1.548,2.456,3.93,5.226,1.223,3.287,3.278,4.561
1.572,2.468,3.957,5.254,1.24,3.244,3.269,4.523
1.574,2.482,3.961,5.285,1.254,3.156,3.281,4.494
1.569,2.492,3.947,5.305,1.265,3.049,3.297,4.483
1.548,2.49,3.931,5.317,1.278,2.95,3.312,4.487
1.522,2.484,3.907,5.312,1.292,2.876,3.319,4.488
1.51,2.492,3.881,5.291,1.295,2.829,3.333,4.49
1.495,2.504,3.869,5.259,1.285,2.821,3.348,4.487
1.488,2.49,3.864,5.228,1.277,2.834,3.364,4.473
1.493,2.47,3.871,5.205,1.27,2.872,3.381,4.433
1.495,2.463,3.888,5.199,1.268,2.898,3.41,4.39
1.504,2.456,3.919,5.195,1.259,2.901,3.448,4.353
1.526,2.437,3.942,5.199,1.278,2.898,3.469,4.335
1.491,2.415,3.942,5.19,1.306,2.898,3.467,4.32
1.524,2.389,3.916,5.176,1.318,2.895,3.445,4.304
1.55,2.379,3.871,5.169,1.301,2.877,3.431,4.299
1.516,2.379,3.823,5.164,1.277,2.853,3.428,4.322
1.457,2.38,3.775,5.173,1.278,2.829,3.421,4.354
1.421,2.374,3.735,5.183,1.308,2.805,3.403,4.396
1.431,2.365,3.723,5.2,1.345,2.797,3.374,4.433
1.471,2.36,3.716,5.223,1.369,2.786,3.338,4.444
1.505,2.374,3.735,5.25,1.371,2.766,3.297,4.421
1.5,2.394,3.761,5.281,1.35,2.723,3.275,4.37
1.481,2.417,3.789,5.312,1.321,2.662,3.281,4.298
1.474,2.441,3.796,5.334,1.294,2.604,3.304,4.215
1.471,2.442,3.789,5.348,1.277,2.563,3.319,4.131
1.449,2.422,3.768,5.353,1.259,2.528,3.326,4.059
1.43,2.406,3.735,5.346,1.246,2.49,3.331,4.024
1.407,2.391,3.696,5.333,1.251,2.453,3.338,4.035
1.399,2.363,3.68,5.309,1.259,2.441,3.338,4.091
1.404,2.336,3.699,5.297,1.263,2.456,3.333,4.155
1.392,2.324,3.74,5.285,1.263,2.482,3.314,4.215
1.395,2.324,3.782,5.274,1.261,2.501,3.293,4.261
1.436,2.332,3.821,5.266,1.252,2.516,3.283,4.286
1.411,2.346,3.856,5.26,1.249,2.537,3.283,4.291
1.381,2.353,3.861,5.26,1.261,2.549,3.271,4.284
1.387,2.36,3.837,5.269,1.29,2.545,3.254,4.255
1.407,2.368,3.797,5.281,1.308,2.535,3.245,4.227
1.428,2.377,3.751,5.291,1.297,2.53,3.235,4.215
1.464,2.374,3.73,5.303,1.273,2.521,3.22,4.234
1.486,2.367,3.763,5.324,1.261,2.496,3.209,4.274
1.491,2.362,3.821,5.336,1.252,2.46,3.221,4.31
1.495,2.365,3.868,5.346,1.261,2.434,3.244,4.316
1.498,2.372,3.876,5.353,1.27,2.429,3.271,4.303
1.486,2.382,3.847,5.348,1.273,2.422,3.29,4.274
1.467,2.396,3.802,5.328,1.268,2.405,3.307,4.231
1.442,2.425,3.773,5.302,1.271,2.386,3.319,4.182
1.411,2.454,3.761,5.264,1.282,2.374,3.348,4.129
1.404,2.477,3.763,5.224,1.294,2.377,3.39,4.108
1.392,2.489,3.78,5.188,1.283,2.406,3.422,4.114
1.39,2.492,3.796,5.176,1.254,2.423,3.434,4.126
1.411,2.485,3.802,5.171,1.227,2.417,3.44,4.136
1.435,2.465,3.811,5.171,1.199,2.399,3.428,4.158
1.447,2.458,3.813,5.171,1.194,2.37,3.381,4.193
1.44,2.447,3.808,5.174,1.213,2.331,3.348,4.234
1.43,2.441,3.799,5.174,1.246,2.296,3.335,4.26
1.419,2.454,3.785,5.174,1.277,2.289,3.347,4.274
1.419,2.492,3.778,5.171,1.289,2.306,3.371,4.292
1.418,2.53,3.77,5.166,1.299,2.346,3.4,4.308
1.392,2.552,3.77,5.152,1.311,2.382,3.433,4.308
1.368,2.568,3.765,5.14,1.32,2.403,3.46,4.303
1.344,2.59,3.747,5.132,1.318,2.396,3.467,4.296
1.332,2.601,3.72,5.137,1.311,2.379,3.446,4.287
1.328,2.611,3.711,5.14,1.299,2.358,3.403,4.282
1.295,2.604,3.732,5.138,1.302,2.356,3.357,4.261
1.33,2.58,3.783,5.123,1.323,2.356,3.319,4.237
1.363,2.547,3.837,5.104,1.338,2.374,3.305,4.229
1.354,2.535,3.868,5.085,1.342,2.391,3.312,4.234
1.344,2.533,3.864,5.068,1.33,2.403,3.347,4.253
1.347,2.554,3.835,5.064,1.308,2.396,3.386,4.277
1.373,2.573,3.792,5.068,1.283,2.377,3.419,4.303
1.387,2.576,3.744,5.07,1.263,2.356,3.446,4.33
1.375,2.576,3.706,5.07,1.249,2.344,3.448,4.37
1.35,2.576,3.715,5.07,1.246,2.348,3.434,4.409
1.335,2.576,3.77,5.07,1.254,2.372,3.405,4.43
1.338,2.575,3.816,5.059,1.256,2.401,3.367,4.425
1.328,2.566,3.833,5.039,1.266,2.42,3.326,4.404
1.407,2.554,3.823,5.037,1.27,2.423,3.285,4.39
1.419,2.549,3.802,5.047,1.258,2.411,3.257,4.385
1.388,2.551,3.783,5.071,1.239,2.382,3.238,4.389
1.352,2.549,3.768,5.09,1.222,2.351,3.233,4.401
1.364,2.539,3.756,5.102,1.208,2.32,3.242,4.427
1.428,2.528,3.765,5.092,1.203,2.3,3.266,4.464
1.447,2.509,3.796,5.071,1.208,2.301,3.305,4.506
1.516,2.487,3.835,5.052,1.225,2.31,3.328,4.535
1.552,2.496,3.856,5.04,1.256,2.32,3.35,4.543
1.54,2.516,3.844,5.037,1.263,2.337,3.359,4.535
1.528,2.539,3.82,5.033,1.237,2.365,3.362,4.513
1.522,2.563,3.787,5.032,1.197,2.386,3.359,4.483
1.547,2.573,3.751,5.03,1.172,2.387,3.376,4.447
1.541,2.575,3.711,5.033,1.153,2.377,3.395,4.415
1.522,2.575,3.689,5.039,1.141,2.368,3.4,4.385
1.517,2.573,3.698,5.049,1.144,2.367,3.39,4.349
1.481,2.578,3.732,5.059,1.165,2.367,3.388,4.329
1.49,2.583,3.759,5.07,1.192,2.377,3.398,4.32
1.564,2.58,3.761,5.078,1.213,2.382,3.412,4.325
1.552,2.585,3.759,5.083,1.227,2.375,3.428,4.335
1.5,2.606,3.744,5.089,1.227,2.36,3.436,4.33
1.466,2.633,3.725,5.09,1.225,2.343,3.44,4.311
1.493,2.652,3.708,5.083,1.22,2.332,3.448,4.274
1.541,2.662,3.696,5.073,1.215,2.329,3.462,4.236
1.569,2.657,3.711,5.051,1.208,2.331,3.472,4.21
1.545,2.647,3.756,5.02,1.204,2.349,3.459,4.21
1.51,2.638,3.79,4.984,1.203,2.368,3.438,4.234
1.491,2.616,3.809,4.958,1.203,2.377,3.421,4.274
1.473,2.606,3.825,4.939,1.194,2.362,3.409,4.306
1.419,2.599,3.835,4.93,1.175,2.346,3.402,4.335
1.485,2.594,3.821,4.932,1.16,2.346,3.402,4.363
1.528,2.594,3.79,4.937,1.148,2.365,3.416,4.382
1.502,2.588,3.761,4.951,1.154,2.396,3.453,4.394
1.481,2.587,3.739,4.966,1.172,2.434,3.503,4.39
1.491,2.583,3.716,4.98,1.194,2.47,3.543,4.385
1.517,2.568,3.704,4.977,1.204,2.482,3.546,4.382
1.517,2.552,3.718,4.972,1.201,2.466,3.531,4.368
1.49,2.54,3.747,4.954,1.185,2.437,3.539,4.354
1.454,2.53,3.763,4.935,1.163,2.413,3.565,4.346
1.431,2.518,3.766,4.915,1.139,2.403,3.584,4.346
1.426,2.508,3.754,4.905,1.132,2.406,3.579,4.342
1.421,2.506,3.744,4.894,1.136,2.415,3.558,4.334
1.409,2.513,3.756,4.887,1.146,2.406,3.529,4.327
1.4,2.515,3.783,4.894,1.16,2.401,3.501,4.32
1.404,2.509,3.792,4.911,1.182,2.41,3.477,4.311
1.388,2.503,3.796,4.932,1.201,2.422,3.455,4.311
1.342,2.499,3.821,4.953,1.211,2.444,3.433,4.318
1.393,2.492,3.856,4.963,1.203,2.472,3.39,4.325
1.443,2.478,3.852,4.963,1.189,2.499,3.352,4.332
1.438,2.465,3.83,4.968,1.179,2.52,3.33,4.335
1.421,2.458,3.818,4.975,1.175,2.537,3.324,4.337
1.418,2.465,3.814,4.987,1.17,2.542,3.323,4.341
1.43,2.489,3.796,4.996,1.163,2.523,3.323,4.344
1.433,2.515,3.756,5.001,1.16,2.472,3.328,4.347
1.426,2.53,3.732,5.006,1.165,2.418,3.342,4.347
1.414,2.521,3.723,5.011,1.175,2.384,3.357,4.353
1.423,2.508,3.716,5.018,1.179,2.382,3.357,4.354
1.43,2.496,3.716,5.037,1.173,2.398,3.35,4.358
1.416,2.499,3.727,5.054,1.179,2.417,3.347,4.354
1.402,2.504,3.725,5.075,1.197,2.437,3.343,4.344
1.39,2.504,3.716,5.09,1.218,2.461,3.335,4.332
1.376,2.494,3.711,5.107,1.225,2.466,3.318,4.316
1.333,2.478,3.704,5.118,1.223,2.472,3.302,4.304
1.318,2.466,3.696,5.121,1.22,2.47,3.276,4.287
1.378,2.472,3.692,5.123,1.21,2.456,3.252,4.265
1.404,2.475,3.699,5.126,1.187,2.429,3.237,4.246
1.418,2.46,3.716,5.126,1.154,2.394,3.233,4.241
1.419,2.439,3.73,5.13,1.132,2.374,3.226,4.237
1.426,2.427,3.74,5.138,1.137,2.375,3.214,4.232
1.412,2.415,3.739,5.152,1.141,2.377,3.209,4.225
1.392,2.403,3.747,5.176,1.146,2.382,3.209,4.225
1.369,2.396,3.761,5.204,1.142,2.391,3.207,4.217
1.34,2.386,3.759,5.23,1.151,2.401,3.202,4.225
1.323,2.387,3.737,5.25,1.156,2.401,3.194,4.243
1.332,2.394,3.703,5.267,1.161,2.391,3.189,4.251
1.345,2.401,3.67,5.274,1.168,2.377,3.192,4.277
1.354,2.406,3.66,5.281,1.173,2.368,3.207,4.303
1.35,2.405,3.673,5.276,1.192,2.367,3.238,4.329
1.337,2.406,3.701,5.271,1.228,2.377,3.264,4.354
1.287,2.408,3.728,5.276,1.275,2.382,3.295,4.37
1.333,2.403,3.742,5.281,1.306,2.377,3.316,4.378
1.385,2.413,3.74,5.288,1.314,2.356,3.323,4.389
1.35,2.423,3.72,5.293,1.316,2.336,3.333,4.415
1.313,2.408,3.685,5.293,1.323,2.322,3.342,4.445
1.328,2.389,3.653,5.281,1.332,2.322,3.328,4.475
1.357,2.375,3.639,5.266,1.328,2.331,3.302,4.49
1.347,2.368,3.653,5.252,1.313,2.343,3.268,4.49
1.321,2.363,3.682,5.245,1.304,2.341,3.247,4.48
1.299,2.363,3.713,5.242,1.309,2.343,3.249,4.47
1.299,2.368,3.742,5.243,1.332,2.358,3.28,4.466
1.318,2.38,3.754,5.248,1.344,2.367,3.324,4.471
1.323,2.392,3.751,5.254,1.354,2.36,3.364,4.488
1.316,2.396,3.754,5.255,1.361,2.355,3.402,4.514
1.32,2.405,3.778,5.262,1.35,2.351,3.44,4.535
1.333,2.41,3.801,5.25,1.316,2.351,3.455,4.549
1.359,2.422,3.818,5.236,1.266,2.351,3.433,4.533
1.38,2.423,3.832,5.212,1.23,2.344,3.391,4.488
1.383,2.408,3.838,5.18,1.223,2.341,3.348,4.437
1.383,2.396,3.844,5.147,1.227,2.344,3.307,4.409
1.387,2.367,3.844,5.111,1.218,2.349,3.266,4.401
1.392,2.348,3.842,5.078,1.204,2.355,3.242,4.394
1.32,2.343,3.837,5.052,1.204,2.355,3.23,4.378
1.33,2.341,3.833,5.037,1.22,2.351,3.218,4.368
1.39,2.349,3.832,5.039,1.227,2.343,3.202,4.353
1.388,2.36,3.84,5.052,1.228,2.334,3.192,4.339
1.373,2.365,3.851,5.076,1.23,2.329,3.189,4.337
1.385,2.362,3.851,5.109,1.227,2.32,3.207,4.353
1.383,2.358,3.852,5.138,1.222,2.322,3.226,4.377
1.361,2.349,3.851,5.157,1.218,2.315,3.242,4.385
1.328,2.341,3.844,5.18,1.213,2.317,3.25,4.385
1.287,2.346,3.845,5.181,1.203,2.327,3.244,4.382
1.261,2.349,3.859,5.164,1.194,2.349,3.225,4.365
1.247,2.348,3.875,5.13,1.191,2.367,3.202,4.327
1.234,2.346,3.876,5.102,1.185,2.37,3.177,4.277
1.218,2.344,3.878,5.078,1.177,2.365,3.154,4.244
1.213,2.337,3.873,5.054,1.168,2.367,3.14,4.231
1.242,2.337,3.84,5.044,1.175,2.362,3.146,4.227
1.29,2.329,3.797,5.032,1.189,2.348,3.164,4.236
1.304,2.325,3.749,5.025,1.201,2.32,3.192,4.244
1.252,2.327,3.701,5.032,1.204,2.306,3.225,4.258
1.282,2.343,3.672,5.046,1.201,2.327,3.261,4.267
1.357,2.348,3.665,5.07,1.201,2.355,3.312,4.26
1.314,2.344,3.673,5.097,1.211,2.391,3.359,4.255
1.24,2.334,3.703,5.123,1.206,2.415,3.4,4.249
1.256,2.322,3.73,5.13,1.191,2.415,3.424,4.246
1.308,2.317,3.74,5.132,1.172,2.403,3.436,4.246
1.325,2.312,3.744,5.13,1.161,2.384,3.453,4.249
1.349,2.305,3.732,5.121,1.179,2.377,3.459,4.253
1.378,2.306,3.723,5.095,1.203,2.377,3.445,4.26
1.38,2.313,3.71,5.07,1.213,2.38,3.407,4.253
1.373,2.327,3.694,5.035,1.192,2.38,3.357,4.243
1.349,2.353,3.694,5.004,1.16,2.391,3.323,4.227
1.306,2.374,3.725,4.977,1.129,2.396,3.311,4.213
1.242,2.38,3.754,4.951,1.111,2.377,3.312,4.213
1.204,2.37,3.77,4.946,1.118,2.362,3.323,4.224
1.287,2.355,3.782,4.958,1.146,2.36,3.326,4.231
1.297,2.336,3.809,4.98,1.187,2.363,3.323,4.231
1.265,2.329,3.842,5.015,1.232,2.368,3.314,4.215
1.271,2.324,3.875,5.044,1.266,2.401,3.3,4.206
1.314,2.332,3.902,5.068,1.29,2.449,3.293,4.208
1.318,2.337,3.933,5.078,1.294,2.475,3.307,4.22
1.29,2.344,3.961,5.082,1.275,2.487,3.321,4.232
1.294,2.356,3.966,5.083,1.249,2.487,3.331,4.246
1.32,2.362,3.945,5.082,1.235,2.482,3.33,4.253
1.345,2.367,3.902,5.07,1.237,2.47,3.307,4.253
1.338,2.358,3.868,5.052,1.251,2.453,3.292,4.249
1.326,2.341,3.856,5.028,1.252,2.454,3.281,4.251
1.338,2.308,3.844,5.008,1.252,2.485,3.281,4.261
1.349,2.289,3.844,4.996,1.251,2.521,3.275,4.277
1.337,2.282,3.854,4.984,1.254,2.539,3.268,4.287
1.289,2.291,3.876,4.991,1.242,2.539,3.257,4.304
1.258,2.317,3.881,5.001,1.227,2.523,3.25,4.316
1.338,2.348,3.876,5.011,1.223,2.501,3.249,4.315
1.354,2.368,3.857,5.016,1.223,2.475,3.256,4.301
1.332,2.37,3.837,5.03,1.228,2.458,3.25,4.296
1.357,2.341,3.814,5.04,1.235,2.475,3.209,4.303
1.399,2.31,3.783,5.056,1.234,2.506,3.151,4.322
1.407,2.289,3.751,5.066,1.234,2.53,3.084,4.356
1.402,2.274,3.753,5.068,1.227,2.539,3.046,4.409
1.412,2.272,3.78,5.056,1.211,2.532,3.041,4.456
1.447,2.289,3.799,5.033,1.192,2.509,3.058,4.471
1.452,2.322,3.816,5.004,1.184,2.485,3.068,4.466
1.44,2.351,3.851,4.985,1.191,2.461,3.066,4.459
1.44,2.372,3.88,4.975,1.204,2.451,3.063,4.444
1.436,2.372,3.899,4.985,1.22,2.453,3.072,4.423
1.424,2.356,3.89,5.008,1.23,2.46,3.089,4.396
1.412,2.331,3.881,5.027,1.237,2.468,3.111,4.366
1.416,2.306,3.883,5.049,1.24,2.468,3.123,4.356
1.428,2.286,3.89,5.064,1.242,2.446,3.128,4.382
1.442,2.27,3.876,5.083,1.256,2.418,3.134,4.418
1.44,2.26,3.854,5.089,1.268,2.399,3.147,4.456
1.44,2.245,3.84,5.094,1.271,2.379,3.163,4.495
1.435,2.246,3.844,5.09,1.265,2.372,3.175,4.518
1.402,2.26,3.849,5.085,1.259,2.386,3.183,4.538
1.406,2.277,3.868,5.07,1.268,2.415,3.187,4.552
1.411,2.301,3.866,5.051,1.294,2.444,3.194,4.557
1.359,2.317,3.84,5.016,1.299,2.446,3.201,4.559
1.332,2.315,3.821,4.991,1.29,2.437,3.213,4.571
1.359,2.301,3.825,4.98,1.271,2.42,3.221,4.586
1.368,2.288,3.842,4.978,1.247,2.386,3.223,4.583
1.338,2.269,3.869,4.982,1.227,2.356,3.228,4.566
1.328,2.25,3.888,4.977,1.21,2.343,3.25,4.545
1.344,2.238,3.894,4.968,1.185,2.346,3.283,4.555
1.361,2.226,3.888,4.954,1.17,2.356,3.331,4.595
1.357,2.222,3.885,4.939,1.165,2.374,3.373,4.626
1.335,2.227,3.892,4.923,1.184,2.382,3.395,4.617
1.323,2.234,3.906,4.923,1.22,2.387,3.402,4.595
1.326,2.25,3.93,4.932,1.242,2.375,3.398,4.571
1.325,2.274,3.966,4.949,1.258,2.355,3.391,4.547
1.311,2.288,3.992,4.963,1.263,2.344,3.378,4.509
1.294,2.286,3.993,4.968,1.258,2.337,3.364,4.466
1.277,2.277,3.979,4.966,1.239,2.337,3.366,4.442
1.271,2.276,3.959,4.963,1.223,2.346,3.378,4.433
1.285,2.274,3.937,4.951,1.21,2.362,3.388,4.444
1.302,2.267,3.916,4.932,1.197,2.391,3.385,4.47
1.309,2.264,3.89,4.911,1.185,2.417,3.383,4.516
1.325,2.262,3.863,4.899,1.175,2.425,3.366,4.557
1.337,2.258,3.847,4.894,1.177,2.422,3.348,4.583
1.326,2.267,3.873,4.898,1.18,2.413,3.342,4.574
1.311,2.272,3.902,4.913,1.201,2.427,3.355,4.538
1.29,2.277,3.919,4.935,1.237,2.442,3.378,4.49
1.258,2.284,3.924,4.954,1.268,2.432,3.381,4.466
1.24,2.288,3.93,4.968,1.282,2.411,3.362,4.47
1.239,2.291,3.93,4.978,1.283,2.401,3.343,4.49
1.247,2.31,3.909,4.984,1.275,2.391,3.324,4.497
1.266,2.339,3.88,4.985,1.263,2.367,3.314,4.487
1.266,2.349,3.852,4.982,1.249,2.324,3.316,4.473
1.265,2.343,3.835,4.978,1.228,2.284,3.318,4.464
1.277,2.337,3.844,4.977,1.213,2.26,3.309,4.456
1.287,2.329,3.883,4.97,1.211,2.25,3.297,4.425
1.302,2.312,3.924,4.961,1.22,2.25,3.292,4.401
1.323,2.294,3.966,4.953,1.234,2.262,3.287,4.389
1.314,2.289,3.998,4.939,1.244,2.282,3.283,4.385
1.299,2.3,4.002,4.932,1.258,2.3,3.271,4.389
1.294,2.306,3.983,4.92,1.261,2.317,3.256,4.402
1.287,2.313,3.961,4.915,1.252,2.319,3.242,4.415
1.294,2.32,3.93,4.911,1.239,2.313,3.244,4.423
1.294,2.329,3.887,4.908,1.237,2.298,3.259,4.433
1.294,2.337,3.868,4.91,1.24,2.276,3.268,4.428
1.366,2.343,3.847,4.917,1.246,2.269,3.271,4.42
1.356,2.348,3.837,4.925,1.239,2.272,3.268,4.421
1.314,2.343,3.828,4.932,1.225,2.276,3.269,4.421
1.314,2.337,3.82,4.934,1.213,2.288,3.276,4.406
1.338,2.336,3.796,4.929,1.218,2.313,3.285,4.396
1.325,2.348,3.78,4.913,1.22,2.337,3.287,4.396
1.314,2.363,3.778,4.893,1.215,2.344,3.276,4.404
1.335,2.384,3.771,4.879,1.22,2.332,3.276,4.411
1.363,2.38,3.761,4.872,1.227,2.31,3.288,4.411
1.363,2.365,3.751,4.868,1.24,2.291,3.312,4.385
1.326,2.346,3.749,4.874,1.244,2.288,3.318,4.346
1.297,2.329,3.756,4.877,1.242,2.303,3.314,4.303
1.299,2.334,3.766,4.877,1.24,2.306,3.314,4.275
1.295,2.358,3.773,4.875,1.228,2.301,3.326,4.268
1.283,2.382,3.775,4.875,1.213,2.3,3.355,4.275
1.283,2.415,3.759,4.891,1.21,2.296,3.383,4.284
1.302,2.439,3.746,4.915,1.22,2.284,3.4,4.289
1.321,2.444,3.744,4.944,1.228,2.284,3.402,4.308
1.325,2.437,3.72,4.973,1.239,2.291,3.405,4.337
1.294,2.42,3.703,4.996,1.254,2.298,3.398,4.363
1.246,2.405,3.706,5.004,1.27,2.303,3.379,4.373
1.222,2.406,3.722,5.001,1.271,2.312,3.361,4.377
1.21,2.417,3.765,4.989,1.261,2.322,3.352,4.392
1.211,2.427,3.814,4.978,1.254,2.331,3.342,4.397
1.232,2.451,3.857,4.972,1.259,2.337,3.338,4.385
1.265,2.461,3.878,4.963,1.266,2.355,3.319,4.382
1.29,2.451,3.888,4.96,1.263,2.362,3.302,4.401
1.313,2.435,3.866,4.961,1.251,2.355,3.28,4.423
1.333,2.427,3.825,4.963,1.244,2.331,3.275,4.435
1.352,2.42,3.782,4.963,1.246,2.303,3.281,4.437
1.349,2.418,3.739,4.961,1.242,2.276,3.299,4.427
1.332,2.43,3.699,4.954,1.239,2.257,3.314,4.402
1.325,2.447,3.668,4.946,1.24,2.243,3.328,4.385
1.328,2.454,3.67,4.937,1.249,2.229,3.342,4.378
1.335,2.449,3.701,4.932,1.247,2.239,3.361,4.392
1.333,2.446,3.728,4.934,1.244,2.262,3.376,4.404
1.321,2.437,3.742,4.929,1.24,2.282,3.381,4.396
1.323,2.42,3.744,4.925,1.222,2.303,3.371,4.392
1.316,2.405,3.737,4.923,1.191,2.325,3.343,4.397
1.311,2.389,3.737,4.923,1.168,2.324,3.304,4.421
1.311,2.377,3.722,4.925,1.154,2.3,3.269,4.463
1.32,2.37,3.694,4.927,1.141,2.291,3.249,4.482
1.323,2.374,3.655,4.918,1.122,2.277,3.242,4.466
1.32,2.372,3.642,4.903,1.13,2.255,3.242,4.445
1.318,2.384,3.649,4.887,1.16,2.251,3.247,4.43
1.33,2.406,3.668,4.874,1.168,2.276,3.242,4.409
1.356,2.429,3.692,4.863,1.163,2.306,3.233,4.373
1.376,2.442,3.704,4.862,1.156,2.329,3.216,4.335
1.399,2.434,3.708,4.863,1.151,2.348,3.214,4.304
1.412,2.415,3.713,4.87,1.141,2.358,3.223,4.275
1.399,2.387,3.716,4.886,1.118,2.353,3.235,4.263
1.38,2.37,3.704,4.894,1.084,2.343,3.24,4.275
1.368,2.36,3.704,4.913,1.053,2.327,3.242,4.291
1.345,2.36,3.723,4.927,1.034,2.317,3.242,4.306
1.32,2.365,3.725,4.944,1.055,2.305,3.237,4.318
1.297,2.375,3.696,4.949,1.111,2.294,3.218,4.339
1.295,2.396,3.665,4.951,1.165,2.282,3.199,4.363
1.308,2.415,3.637,4.939,1.196,2.269,3.19,4.387
1.292,2.423,3.632,4.927,1.213,2.276,3.19,4.413
1.266,2.43,3.648,4.905,1.228,2.293,3.206,4.418
1.252,2.43,3.668,4.896,1.242,2.289,3.226,4.411
1.237,2.423,3.694,4.884,1.223,2.277,3.24,4.409
1.215,2.41,3.744,4.867,1.194,2.274,3.249,4.423
1.203,2.389,3.802,4.831,1.16,2.277,3.257,4.44
1.203,2.374,3.869,4.784,1.154,2.277,3.264,4.454
1.204,2.365,3.911,4.739,1.156,2.267,3.281,4.452
1.196,2.368,3.909,4.709,1.161,2.258,3.3,4.452
1.185,2.391,3.89,4.698,1.165,2.262,3.304,4.447
1.184,2.425,3.868,4.7,1.163,2.265,3.293,4.428
1.189,2.449,3.828,4.71,1.179,2.269,3.266,4.423
1.189,2.456,3.801,4.729,1.203,2.277,3.24,4.423
1.192,2.463,3.804,4.745,1.215,2.286,3.223,4.444
1.203,2.458,3.826,4.762,1.216,2.277,3.23,4.466
1.208,2.434,3.852,4.774,1.213,2.26,3.24,4.471
1.199,2.396,3.871,4.781,1.201,2.258,3.262,4.473
1.18,2.36,3.866,4.782,1.185,2.262,3.273,4.478
1.163,2.337,3.837,4.779,1.173,2.234,3.283,4.471
1.151,2.322,3.804,4.772,1.175,2.203,3.297,4.459
1.137,2.325,3.768,4.76,1.18,2.205,3.312,4.437
1.124,2.344,3.747,4.753,1.187,2.217,3.319,4.43
1.118,2.37,3.735,4.743,1.184,2.227,3.304,4.442
1.163,2.384,3.749,4.733,1.172,2.231,3.285,4.461
1.149,2.375,3.768,4.731,1.16,2.236,3.261,4.487
1.117,2.356,3.785,4.727,1.146,2.243,3.252,4.497
1.142,2.331,3.801,4.726,1.134,2.239,3.269,4.509
1.182,2.324,3.809,4.733,1.129,2.222,3.311,4.521
1.18,2.331,3.802,4.75,1.132,2.193,3.348,4.516
1.177,2.348,3.777,4.767,1.142,2.178,3.379,4.509
1.184,2.367,3.753,4.77,1.158,2.176,3.391,4.492
1.203,2.372,3.742,4.764,1.177,2.196,3.391,4.475
1.201,2.374,3.761,4.76,1.194,2.222,3.367,4.456
1.189,2.365,3.797,4.746,1.196,2.241,3.335,4.44
1.185,2.355,3.832,4.731,1.187,2.241,3.312,4.423
1.189,2.339,3.876,4.724,1.18,2.238,3.305,4.418
1.184,2.32,3.931,4.719,1.191,2.231,3.309,4.408
1.182,2.303,3.998,4.724,1.206,2.229,3.326,4.387
1.173,2.294,4.036,4.726,1.228,2.233,3.336,4.365
1.158,2.296,4.052,4.731,1.249,2.241,3.342,4.356
1.144,2.293,4.06,4.734,1.258,2.243,3.336,4.358
1.136,2.301,4.043,4.736,1.247,2.239,3.328,4.358
1.149,2.32,4.012,4.738,1.23,2.241,3.321,4.354
1.177,2.355,3.978,4.729,1.211,2.251,3.321,4.337
1.208,2.38,3.949,4.729,1.197,2.27,3.33,4.323
1.234,2.396,3.937,4.738,1.189,2.289,3.348,4.329
1.266,2.401,3.938,4.752,1.187,2.31,3.367,4.351
1.299,2.399,3.967,4.765,1.185,2.325,3.376,4.363
1.32,2.415,4.007,4.774,,2.341,3.374,4.365
1.313,2.434,4.043,4.786,,2.353,3.364,4.366
1.297,2.435,4.053,4.807,,2.358,3.343,4.365
1.273,2.441,4.045,4.837,,2.365,3.33,4.359
1.244,2.447,4.019,4.86,,2.37,3.318,4.341
1.199,2.454,3.979,4.879,,2.368,3.318,4.325
1.17,2.453,3.952,4.886,,2.372,3.316,4.32
1.172,2.454,3.95,4.891,,2.365,3.314,4.316
1.175,2.465,3.955,4.899,,2.353,3.323,4.306
1.173,2.478,3.974,4.917,,2.341,3.336,4.294
1.187,2.484,3.993,4.932,,2.343,3.343,4.275
1.208,2.482,3.998,4.942,,2.348,3.348,4.253
1.246,2.473,3.985,4.949,,2.343,3.352,4.243
1.278,2.46,3.962,4.958,,2.327,3.345,4.234
1.278,2.442,3.959,4.961,,2.305,3.335,4.22
1.28,2.435,3.95,4.966,,2.276,3.323,4.208
1.271,2.442,3.935,4.965,,2.241,3.3,4.201
1.252,2.453,3.921,4.966,,2.202,3.269,4.196
1.232,2.468,3.921,4.973,,2.16,3.233,4.201
1.208,2.485,3.912,4.982,,2.136,3.221,4.2
1.204,2.494,3.89,4.992,,2.123,3.221,4.2
1.216,2.487,3.868,4.994,,2.128,3.24,4.213
1.211,2.48,3.849,4.997,,2.153,3.271,4.218
1.218,2.473,3.821,4.989,,2.207,3.292,4.217
1.232,2.47,3.79,4.984,,2.255,3.302,4.22
1.237,2.473,3.775,4.973,,2.284,3.3,4.222
1.23,2.489,3.785,4.966,,2.305,3.297,4.234
1.203,2.506,3.802,4.961,,2.317,3.293,4.248
1.177,2.506,3.806,4.961,,2.31,3.297,4.272
1.165,2.489,3.796,4.966,,2.289,3.304,4.303
1.141,2.456,3.783,4.982,,2.264,3.304,4.339
1.139,2.418,3.761,4.999,,2.243,3.304,4.377
1.16,2.379,3.739,5.013,,2.234,3.309,4.408
1.177,2.36,3.716,5.018,,2.236,3.314,4.42
1.194,2.367,3.704,5.013,,2.243,3.319,4.425
1.211,2.391,3.684,5.003,,2.258,3.336,4.437
1.223,2.422,3.663,4.996,,2.284,3.347,4.444
1.223,2.456,3.649,4.987,,2.294,3.342,4.447
1.216,2.48,3.634,4.992,,2.289,3.319,4.44
1.211,2.487,3.62,4.992,,2.282,3.3,4.432
1.213,2.466,3.624,4.991,,2.276,3.295,4.43
1.216,2.442,3.66,4.982,,2.255,3.305,4.439
1.213,2.425,3.698,4.966,,2.226,3.323,4.44
1.203,2.425,3.706,4.939,,2.212,3.347,4.42
1.204,2.439,3.703,4.918,,2.212,3.369,4.396
1.201,2.458,3.708,4.91,,2.215,3.366,4.373
1.191,2.468,3.699,4.905,,2.226,3.364,4.372
1.191,2.463,3.68,4.893,,2.262,3.362,4.377
1.206,2.453,3.672,4.87,,2.305,3.348,4.378
1.208,2.442,3.68,4.853,,2.336,3.324,4.389
1.201,2.437,3.691,4.846,,2.353,3.297,4.416
1.203,2.449,3.689,4.858,,2.368,3.287,4.445
1.199,2.468,3.694,4.874,,2.374,3.292,4.471
1.199,2.477,3.706,4.891,,2.377,3.304,4.466
1.21,2.468,3.739,4.911,,2.367,3.311,4.439
1.222,2.447,3.773,4.922,,2.346,3.323,4.406
1.239,2.43,3.792,4.925,,2.315,3.335,4.373
1.252,2.42,3.806,4.922,,2.293,3.345,4.347
1.266,2.408,3.806,4.917,,2.289,3.357,4.315
1.266,2.405,3.814,4.917,,2.288,3.361,4.287
1.265,2.411,3.837,4.915,,2.272,3.364,4.277
1.258,2.403,3.873,4.911,,2.243,3.393,4.289
1.258,2.391,3.911,4.91,,2.212,3.436,4.318
1.252,2.374,3.95,4.913,,2.186,3.479,4.363
1.249,2.368,3.995,4.903,,2.153,3.5,4.397
1.251,2.362,4.047,4.893,,2.126,3.498,4.418
1.254,2.358,4.096,4.879,,2.105,3.472,4.43
1.258,2.355,4.127,4.877,,2.083,3.44,4.43
1.246,2.358,4.138,4.877,,2.061,3.416,4.415
1.225,2.355,4.162,4.896,,2.066,3.386,4.394
1.227,2.351,4.182,4.925,,2.088,3.366,4.373
1.225,2.343,4.2,4.949,,2.114,3.35,4.359
1.22,2.348,4.198,4.978,,2.129,3.364,4.346
1.23,2.344,4.198,4.999,,2.138,3.388,4.337
1.247,2.346,4.201,5.016,,2.152,3.405,4.334
1.258,2.348,4.203,5.02,,2.159,3.429,4.332
1.278,2.341,4.198,5.016,,2.166,3.45,4.341
1.297,2.32,4.196,5.006,,2.166,3.483,4.353
1.295,2.308,4.191,4.992,,2.147,3.508,4.366
1.29,2.291,4.184,4.968,,2.135,3.522,4.358
1.28,2.277,4.167,4.954,,2.133,3.503,4.329
1.27,2.277,4.167,4.946,,2.129,3.465,4.286
1.263,2.289,4.176,4.961,,2.136,3.428,4.255
1.254,2.293,4.169,4.982,,2.141,3.393,4.248
1.244,2.3,4.157,5.004,,2.143,3.359,4.248
1.235,2.31,4.167,5.023,,2.143,3.335,4.249
1.239,2.315,4.182,5.054,,2.155,3.314,4.241
1.24,2.324,4.189,5.09,,2.174,3.295,4.231
1.237,2.337,4.191,5.114,,2.169,3.283,4.215
1.246,2.339,4.177,5.138,,2.145,3.28,4.191
1.242,2.325,4.158,5.135,,2.135,3.287,4.167
1.23,2.306,4.139,5.145,,2.135,3.3,4.155
1.222,2.3,4.115,5.154,,2.124,3.304,4.141
1.228,2.3,4.1,5.154,,2.116,3.293,4.133
1.237,2.298,4.088,5.149,,2.129,3.271,4.139
1.235,2.308,4.072,5.14,,2.138,3.256,4.151
1.237,2.331,4.055,5.118,,2.152,3.247,4.16
1.247,2.348,4.057,5.101,,2.162,3.235,4.158
1.252,2.363,4.072,5.099,,2.162,3.225,4.163
1.251,2.37,4.079,5.094,,2.15,3.216,4.165
1.252,2.372,4.059,5.089,,2.136,3.221,4.155
1.259,2.363,4.04,5.073,,2.131,3.235,4.127
1.265,2.348,4.035,5.051,,2.141,3.235,4.09
1.277,2.327,4.053,5.027,,2.15,3.232,4.057
1.27,2.313,4.064,5.016,,2.155,3.22,4.033
1.261,2.306,4.072,5.035,,2.176,3.206,4.007
1.27,2.303,4.067,5.054,,2.191,3.177,3.993
1.273,2.294,4.048,5.089,,2.202,3.137,3.988
1.282,2.291,4.038,5.116,,2.203,3.109,3.998
1.294,2.293,4.045,5.123,,2.19,3.125,4.019
1.29,2.289,4.053,5.111,,2.157,3.177,4.041
1.27,2.282,4.053,5.087,,2.123,3.252,4.053
1.244,2.289,4.057,5.07,,2.098,3.333,4.043
1.22,2.296,4.06,5.061,,2.081,3.395,4.021
1.196,2.296,4.05,5.068,,2.071,3.434,3.992
1.175,2.294,4.045,5.089,,2.071,3.457,3.957
1.167,2.3,4.052,5.113,,2.071,3.46,3.923
1.179,2.289,4.072,5.135,,2.081,3.46,3.907
1.196,2.272,4.091,5.162,,2.095,3.453,3.888
1.227,2.27,4.117,5.173,,2.114,3.438,3.869
1.249,2.276,4.167,5.176,,2.123,3.424,3.857
1.258,2.276,4.222,5.168,,2.117,3.421,3.849
1.27,2.282,4.253,5.157,,2.109,3.434,3.844
1.263,2.296,4.261,5.15,,2.1,3.453,3.854
1.239,2.298,4.268,5.159,,2.102,3.46,3.873
1.213,2.298,4.286,5.176,,2.104,3.46,3.861
1.199,2.301,4.299,5.205,,2.1,3.46,3.845
1.194,2.306,4.299,5.242,,2.11,3.46,3.84
1.194,2.31,4.292,5.279,,2.129,3.464,3.842
1.21,2.303,4.291,5.303,,2.15,3.469,3.818
1.223,2.291,4.301,5.315,,2.153,3.467,3.785
1.237,2.289,4.325,5.319,,2.147,3.471,3.746
1.249,2.282,4.365,5.312,,2.153,3.477,3.713
1.251,2.274,4.382,5.309,,2.178,3.472,3.701
1.244,2.262,4.389,5.302,,2.19,3.443,3.715
1.23,2.253,4.385,5.293,,2.178,3.407,3.73
1.225,2.258,4.366,5.283,,2.153,3.381,3.734
1.21,2.265,4.341,5.279,,2.131,3.354,3.732
1.194,2.27,4.313,5.279,,2.107,3.333,3.718
1.185,2.276,4.303,5.281,,2.1,3.318,3.689
1.177,2.294,4.289,5.286,,2.109,3.3,3.677
1.179,2.313,4.279,5.278,,2.116,3.285,3.67
1.185,2.319,4.301,5.272,,2.131,3.285,3.675
1.189,2.312,4.334,5.254,,2.16,3.283,3.684
1.189,2.3,4.361,5.236,,2.174,3.262,3.679
1.172,2.288,4.38,5.223,,2.171,3.24,3.648
1.154,2.276,4.396,5.221,,2.171,3.233,3.624
1.148,2.27,4.396,5.224,,2.2,3.259,3.627
1.146,2.276,4.361,5.247,,2.233,3.29,3.66
1.134,2.284,4.301,5.278,,2.265,3.316,3.685
1.12,2.294,4.249,5.317,,2.301,3.309,3.711
1.113,2.308,4.205,5.357,,2.322,3.285,3.723
1.117,2.331,4.186,5.383,,2.325,3.256,3.713
1.129,2.332,4.193,5.391,,2.32,3.233,3.677
1.154,2.322,4.213,5.384,,2.31,3.223,3.622
1.184,2.306,4.244,5.369,,2.284,3.207,3.591
1.211,2.284,4.286,5.353,,2.241,3.195,3.589
1.218,2.267,4.32,5.343,,2.202,3.199,3.617
1.206,2.26,4.346,5.329,,2.202,3.211,3.641
1.177,2.257,4.349,5.309,,2.222,3.218,3.648
1.122,2.26,4.349,5.293,,2.233,3.22,3.637
1.065,2.265,4.323,5.276,,2.246,3.213,3.622
1.027,2.27,4.268,5.264,,2.265,3.207,3.615
1.001,2.267,4.218,5.25,,2.265,3.192,3.606
1.007,2.27,4.203,5.226,,2.257,3.178,3.598
1.036,2.269,4.21,5.211,,2.246,3.163,3.582
1.053,2.26,4.224,5.2,,2.241,3.144,3.575
1.079,2.251,4.229,5.197,,2.245,3.108,3.584
1.101,2.248,4.22,5.199,,2.257,3.07,3.584
1.113,2.257,4.189,5.207,,2.253,3.036,3.565
1.129,2.262,4.163,5.211,,2.245,3.017,3.524
1.142,2.255,4.136,5.209,,,3.017,3.474
1.137,2.25,4.129,5.209,,,3.018,3.452
1.139,2.255,4.15,5.178,,,3.027,3.445
1.141,2.265,4.163,5.144,,,3.053,3.448
1.141,2.281,4.163,5.104,,,3.075,3.455
1.134,2.288,4.162,5.051,,,3.077,3.457
1.124,2.289,4.155,4.992,,,,3.464
1.115,2.286,4.146,4.942,,,,3.481
1.118,2.276,4.148,4.908,,,,3.531
1.115,2.265,4.145,4.88,,,,3.582
1.108,2.262,4.131,4.875,,,,3.617
1.103,2.258,4.105,4.884,,,,3.636
1.099,2.255,4.074,4.899,,,,3.632
1.101,2.243,4.041,4.92,,,,3.634
1.098,2.238,4.036,4.949,,,,3.632
1.098,2.233,4.047,4.97,,,,3.641
1.105,2.236,4.047,4.977,,,,3.665
1.115,2.25,4.04,4.985,,,,3.699
1.129,2.265,4.035,4.985,,,,3.746
1.139,2.265,4.005,4.987,,,,3.785
1.146,2.257,3.959,5.001,,,,3.801
1.153,2.248,3.943,5.015,,,,3.802
1.158,2.245,3.937,5.02,,,,3.796
1.161,2.253,3.924,5.011,,,,3.785
1.16,2.267,3.926,4.992,,,,3.773
1.158,2.289,3.959,4.972,,,,3.773
1.168,2.322,3.969,4.953,,,,3.785
1.173,2.339,3.949,4.937,,,,3.816
1.173,2.334,3.931,4.932,,,,3.84
1.17,2.317,3.928,4.939,,,,3.844
1.17,2.305,3.89,4.958,,,,3.837
1.17,2.301,3.835,4.98,,,,3.835
1.165,2.3,3.783,4.997,,,,3.83
1.165,2.301,3.758,5.013,,,,3.832
1.173,2.3,3.765,5.016,,,,3.847
1.177,2.293,3.804,5.016,,,,3.878
1.185,2.281,3.842,5.006,,,,3.887
1.206,2.262,3.854,4.994,,,,3.895
1.203,2.25,3.832,4.985,,,,3.924
1.199,2.26,3.818,4.991,,,,3.955
1.201,2.274,3.768,5.001,,,,3.966
1.204,2.277,3.73,5.02,,,,3.961
1.215,2.277,,5.035,,,,
1.223,2.27,,5.049,,,,
1.216,2.269,,5.051,,,,
1.201,2.265,,5.044,,,,
1.182,2.262,,5.021,,,,
1.175,2.265,,4.994,,,,
1.167,2.272,,4.977,,,,
1.165,2.272,,4.977,,,,
1.167,2.279,,4.994,,,,
1.167,2.281,,5.02,,,,
1.172,2.274,,5.04,,,,
1.165,2.267,,5.047,,,,
1.153,2.251,,5.049,,,,
1.141,2.245,,5.042,,,,
1.136,2.257,,5.046,,,,
1.118,2.286,,5.047,,,,
1.096,2.319,,5.052,,,,
1.081,2.348,,5.049,,,,
1.058,2.365,,5.044,,,,
1.044,2.37,,5.037,,,,
1.053,2.355,,5.023,,,,
1.067,2.332,,5.011,,,,
1.101,2.312,,5.003,,,,
1.13,2.293,,5.001,,,,
1.148,2.269,,5.008,,,,
1.158,2.253,,5.013,,,,
1.16,2.243,,5.015,,,,
1.154,2.243,,5.015,,,,
1.154,2.257,,5.004,,,,
1.146,2.279,,4.982,,,,
1.134,2.286,,4.954,,,,
1.125,2.274,,4.941,,,,
1.113,2.257,,4.935,,,,
1.099,2.238,,4.939,,,,
1.087,2.224,,4.948,,,,
1.072,2.207,,4.961,,,,
1.051,2.198,,4.965,,,,
1.05,2.183,,4.965,,,,
1.062,2.162,,4.966,,,,
1.077,2.145,,4.961,,,,
1.103,2.141,,4.96,,,,
1.118,2.14,,4.966,,,,
1.106,2.14,,4.973,,,,
1.096,2.145,,4.985,,,,
1.086,2.153,,4.999,,,,
1.072,2.155,,4.997,,,,
1.072,2.155,,4.991,,,,
1.084,2.145,,4.97,,,,
1.096,2.123,,4.961,,,,
1.113,2.104,,4.954,,,,
1.124,2.092,,4.956,,,,
1.129,2.08,,4.953,,,,
1.124,2.081,,4.937,,,,
1.117,2.081,,4.92,,,,
1.094,2.083,,4.91,,,,
1.075,2.088,,4.893,,,,
1.074,2.097,,4.879,,,,
1.089,2.098,,4.872,,,,
1.096,2.1,,4.868,,,,
1.108,2.095,,4.87,,,,
1.122,2.09,,4.877,,,,
1.137,2.085,,4.882,,,,
1.142,2.069,,4.882,,,,
1.149,2.055,,4.877,,,,
1.158,2.054,,4.865,,,,
1.167,2.064,,4.856,,,,
1.17,2.069,,4.851,,,,
1.17,2.083,,4.856,,,,
1.167,2.083,,4.86,,,,
1.16,2.095,,4.862,,,,
1.144,2.116,,4.858,,,,
1.129,2.131,,4.85,,,,
1.124,2.136,,4.825,,,,
1.127,2.129,,4.791,,,,
1.118,2.129,,4.753,,,,
1.117,2.129,,4.726,,,,
1.11,2.121,,4.71,,,,
1.108,2.104,,4.698,,,,
1.099,2.093,,4.696,,,,
1.089,2.095,,4.698,,,,
1.091,2.114,,4.695,,,,
1.084,2.129,,4.678,,,,
1.072,2.14,,4.662,,,,
1.07,2.148,,4.647,,,,
1.063,2.148,,4.64,,,,
1.055,2.145,,4.647,,,,
1.053,2.147,,,,,,
1.065,2.148,,,,,,
1.075,2.145,,,,,,
1.093,2.141,,,,,,
1.106,2.147,,,,,,
1.111,2.157,,,,,,
1.098,2.162,,,,,,
1.084,2.159,,,,,,
1.067,2.141,,,,,,
1.053,2.129,,,,,,
1.048,2.121,,,,,,
1.038,2.11,,,,,,
1.039,2.121,,,,,,
1.039,2.136,,,,,,
1.039,2.15,,,,,,
1.039,2.138,,,,,,
1.048,2.116,,,,,,
1.055,2.095,,,,,,
1.063,2.086,,,,,,
1.079,2.086,,,,,,
1.094,2.102,,,,,,
1.094,2.117,,,,,,
1.084,2.119,,,,,,
1.115,2.109,,,,,,
1.098,2.092,,,,,,
1.081,2.069,,,,,,
1.094,2.059,,,,,,
1.101,2.062,,,,,,
1.105,,,,,,,
1.118,,,,,,,
1.146,,,,,,,
1.165,,,,,,,
1.18,,,,,,,
1.197,,,,,,,
1.203,,,,,,,
1.187,,,,,,,
1.184,,,,,,,
1.184,,,,,,,
1.185,,,,,,,
1.177,,,,,,,
1.161,,,,,,,
1.163,,,,,,,
1.172,,,,,,,
1.167,,,,,,,
1.168,,,,,,,
1.184,,,,,,,
1.182,,,,,,,
1.182,,,,,,,
1.194,,,,,,,
1.201,,,,,,,
1.203,,,,,,,
1.208,,,,,,,
1.222,,,,,,,
1.234,,,,,,,
1.237,,,,,,,
1.237,,,,,,,
1.235,,,,,,,
1.23,,,,,,,
1.206,,,,,,,
1.18,,,,,,,
1.168,,,,,,,
1.163,,,,,,,
1.161,,,,,,,
1.16,,,,,,,
1.165,,,,,,,
1.167,,,,,,,
1.173,,,,,,,
1.17,,,,,,,
1.161,,,,,,,
1.144,,,,,,,
1.124,,,,,,,
1.105,,,,,,,
1.093,,,,,,,
1.082,,,,,,,
1.074,,,,,,,
1.087,,,,,,,
1.106,,,,,,,
1.115,,,,,,,
1.125,,,,,,,
1.141,,,,,,,
1.139,,,,,,,
1.132,,,,,,,
1.134,,,,,,,
1.134,,,,,,,
1.127,,,,,,,
1.134,,,,,,,
1.139,,,,,,,
1.136,,,,,,,
1.144,,,,,,,
1.151,,,,,,,
1.144,,,,,,,
1.146,,,,,,,
1.141,,,,,,,
1.125,,,,,,,
1.12,,,,,,,
1.106,,,,,,,
1.096,,,,,,,
1.098,,,,,,,
1.094,,,,,,,
1.134,,,,,,,
1.16,,,,,,,
1.163,,,,,,,
1.182,,,,,,,
1.189,,,,,,,
1.168,,,,,,,
1.151,,,,,,,
1.124,,,,,,,
1.094,,,,,,,
1.07,,,,,,,
1.043,,,,,,,
1.031,,,,,,,
1.036,,,,,,,
1.044,,,,,,,
1.048,,,,,,,
1.05,,,,,,,
1.051,,,,,,,
1.048,,,,,,,
1.058,,,,,,,
1.075,,,,,,,
1.087,,,,,,,
1.098,,,,,,,
1.101,,,,,,,
1.108,,,,,,,
1.105,,,,,,,
1.108,,,,,,,
1.113,,,,,,,
1.105,,,,,,,
1.108,,,,,,,
1.113,,,,,,,
1.096,,,,,,,
1.084,,,,,,,
1.072,,,,,,,
1.055,,,,,,,
1.044,,,,,,,
1.044,,,,,,,
1.044,,,,,,,
1.044,,,,,,,
1.046,,,,,,,
1.072,,,,,,,
1.086,,,,,,,
1.084,,,,,,,
1.106,,,,,,,
1.12,,,,,,,
1.12,,,,,,,
1.141,,,,,,,
1.149,,,,,,,
1.132,,,,,,,
1.13,,,,,,,
1.122,,,,,,,
1.099,,,,,,,
1.096,,,,,,,
1.087,,,,,,,
1.086,,,,,,,
1.086,,,,,,,
1.084,,,,,,,
1.082,,,,,,,
1.084,,,,,,,
1.084,,,,,,,
1.077,,,,,,,
1.074,,,,,,,
1.086,,,,,,,
1.081,,,,,,,
1.093,,,,,,,
1.093,,,,,,,
1.087,,,,,,,
1.101,,,,,,,
1.122,,,,,,,
1.127,,,,,,,
1.141,,,,,,,
1.154,,,,,,,
1.146,,,,,,,
1.142,,,,,,,
1.132,,,,,,,
1.124,,,,,,,
1.115,,,,,,,
1.098,,,,,,,
1.087,,,,,,,
1.089,,,,,,,
1.091,,,,,,,
1.098,,,,,,,
1.11,,,,,,,
1.127,,,,,,,
1.142,,,,,,,
1.149,,,,,,,
1.156,,,,,,,
1.148,,,,,,,
1.144,,,,,,,
1.156,,,,,,,
1.163,,,,,,,
1.158,,,,,,,
1.165,,,,,,,
1.158,,,,,,,
1.153,,,,,,,
1.161,,,,,,,
1.167,,,,,,,
1.177,,,,,,,
1.185,,,,,,,
1.172,,,,,,,
1.168,,,,,,,
1.163,,,,,,,
1.151,,,,,,,
1.149,,,,,,,
1.141,,,,,,,
1.132,,,,,,,
1.134,,,,,,,
1.124,,,,,,,
1.122,,,,,,,
1.122,,,,,,,
1.113,,,,,,,
1.12,,,,,,,
1.132,,,,,,,
1.125,,,,,,,
1.129,,,,,,,
1.13,,,,,,,
1.108,,,,,,,
1.101,,,,,,,
1.098,,,,,,,
1.082,,,,,,,
1.091,,,,,,,
1.096,,,,,,,
1.082,,,,,,,
1.094,,,,,,,
1.093,,,,,,,
1.079,,,,,,,
1.065,,,,,,,
1.051,,,,,,,
1.034,,,,,,,
1.027,,,,,,,
1.036,,,,,,,
1.038,,,,,,,
1.036,,,,,,,
1.046,,,,,,,
1.058,,,,,,,
1.056,,,,,,,
1.062,,,,,,,
1.06,,,,,,,
1.048,,,,,,,
1.058,,,,,,,
1.067,,,,,,,
1.065,,,,,,,
1.086,,,,,,,
1.086,,,,,,,
1.069,,,,,,,
1.065,,,,,,,
1.053,,,,,,,
1.034,,,,,,,
1.032,,,,,,,
1.036,,,,,,,
1.026,,,,,,,
1.026,,,,,,,
1.032,,,,,,,
1.015,,,,,,,
1.017,,,,,,,
1.032,,,,,,,
1.031,,,,,,,
1.036,,,,,,,
1.041,,,,,,,
1.039,,,,,,,
1.05,,,,,,,
1.07,,,,,,,
1.081,,,,,,,
1.081,,,,,,,
1.087,,,,,,,
1.079,,,,,,,
1.07,,,,,,,
1.062,,,,,,,
1.065,,,,,,,
1.065,,,,,,,
1.077,,,,,,,
1.087,,,,,,,
1.091,,,,,,,
1.091,,,,,,,
1.082,,,,,,,
1.077,,,,,,,
1.079,,,,,,,
1.086,,,,,,,
1.091,,,,,,,
1.093,,,,,,,
1.098,,,,,,,
1.106,,,,,,,
1.113,,,,,,,
1.125,,,,,,,
1.12,,,,,,,
1.111,,,,,,,
1.106,,,,,,,
1.111,,,,,,,
1.122,,,,,,,
1.13,,,,,,,
1.124,,,,,,,
1.108,,,,,,,
1.108,,,,,,,
1.105,,,,,,,
1.091,,,,,,,
1.091,,,,,,,
1.111,,,,,,,
1.103,,,,,,,
1.13,,,,,,,
1.142,,,,,,,
1.137,,,,,,,
1.154,,,,,,,
1.163,,,,,,,
1.16,,,,,,,
1.167,,,,,,,
1.146,,,,,,,
1.12,,,,,,,
1.105,,,,,,,
1.089,,,,,,,
1.072,,,,,,,
1.048,,,,,,,
1.026,,,,,,,
1.022,,,,,,,
1.019,,,,,,,
1.008,,,,,,,
1.017,,,,,,,
1.015,,,,,,,
1.005,,,,,,,
0.996,,,,,,,
1.003,,,,,,,
1.005,,,,,,,
1.013,,,,,,,
1.036,,,,,,,
1.048,,,,,,,
1.06,,,,,,,
1.069,,,,,,,
1.051,,,,,,,
1.046,,,,,,,
1.034,,,,,,,
1.012,,,,,,,
1.005,,,,,,,
0.996,,,,,,,
0.996,,,,,,,
1,,,,,,,
1.003,,,,,,,
1.022,,,,,,,
1.034,,,,,,,
1.031,,,,,,,
1.081,,,,,,,
1.072,,,,,,,
1.074,,,,,,,
1.093,,,,,,,
1.093,,,,,,,
1.087,,,,,,,
1.094,,,,,,,
1.093,,,,,,,
1.094,,,,,,,
1.081,,,,,,,
1.07,,,,,,,
1.062,,,,,,,
1.063,,,,,,,
1.06,,,,,,,
1.065,,,,,,,
1.07,,,,,,,
1.075,,,,,,,
1.072,,,,,,,
1.075,,,,,,,
1.084,,,,,,,
1.089,,,,,,,
1.094,,,,,,,
1.094,,,,,,,
1.089,,,,,,,
1.084,,,,,,,
1.075,,,,,,,
1.062,,,,,,,
1.055,,,,,,,
1.043,,,,,,,
1.027,,,,,,,
1.032,,,,,,,
1.027,,,,,,,
1.026,,,,,,,
1.039,,,,,,,
1.034,,,,,,,
1.022,,,,,,,
1.017,,,,,,,
1.005,,,,,,,
0.989,,,,,,,
0.984,,,,,,,
0.976,,,,,,,
0.971,,,,,,,
0.976,,,,,,,
0.988,,,,,,,
1,,,,,,,
1.024,,,,,,,
1.044,,,,,,,
1.058,,,,,,,
1.072,,,,,,,
1.075,,,,,,,
1.087,,,,,,,
1.093,,,,,,,
1.099,,,,,,,
1.108,,,,,,,
1.099,,,,,,,
1.093,,,,,,,
1.087,,,,,,,
1.07,,,,,,,
1.058,,,,,,,
1.051,,,,,,,
1.041,,,,,,,
1.038,,,,,,,
1.031,,,,,,,
1.024,,,,,,,
1.02,,,,,,,
1.017,,,,,,,
1.02,,,,,,,
1.02,,,,,,,
1.013,,,,,,,
1.01,,,,,,,
0.998,,,,,,,
0.996,,,,,,,
1,,,,,,,
0.996,,,,,,,
1,,,,,,,
1.01,,,,,,,
1.024,,,,,,,
1.044,,,,,,,
1.063,,,,,,,
1.075,,,,,,,
1.091,,,,,,,
1.087,,,,,,,
1.087,,,,,,,
1.094,,,,,,,
1.096,,,,,,,
1.096,,,,,,,
1.099,,,,,,,
1.101,,,,,,,
1.096,,,,,,,
1.094,,,,,,,
1.094,,,,,,,
1.093,,,,,,,
1.091,,,,,,,
1.082,,,,,,,
1.065,,,,,,,
1.05,,,,,,,
1.026,,,,,,,
1.007,,,,,,,
0.993,,,,,,,
0.979,,,,,,,
0.979,,,,,,,
0.986,,,,,,,
0.996,,,,,,,
1.01,,,,,,,
1.026,,,,,,,
1.036,,,,,,,
1.046,,,,,,,
1.051,,,,,,,
1.053,,,,,,,
1.051,,,,,,,
1.041,,,,,,,
1.039,,,,,,,
1.015,,,,,,,
1,,,,,,,
0.993,,,,,,,
0.974,,,,,,,
0.965,,,,,,,
0.96,,,,,,,
0.952,,,,,,,
0.964,,,,,,,
0.976,,,,,,,
0.991,,,,,,,
1.01,,,,,,,
1.026,,,,,,,
1.043,,,,,,,
1.058,,,,,,,
1.069,,,,,,,
1.081,,,,,,,
1.086,,,,,,,
1.086,,,,,,,
1.094,,,,,,,
1.094,,,,,,,
1.086,,,,,,,
1.091,,,,,,,
1.077,,,,,,,
1.062,,,,,,,
1.065,,,,,,,
1.053,,,,,,,
1.039,,,,,,,
1.041,,,,,,,
1.032,,,,,,,
1.022,,,,,,,
1.022,,,,,,,
1.013,,,,,,,
0.998,,,,,,,
0.989,,,,,,,
0.998,,,,,,,
0.995,,,,,,,
1.007,,,,,,,
1.029,,,,,,,
1.044,,,,,,,
1.062,,,,,,,
1.077,,,,,,,
1.077,,,,,,,
1.079,,,,,,,
1.082,,,,,,,
1.079,,,,,,,
1.077,,,,,,,
1.079,,,,,,,
1.06,,,,,,,
1.048,,,,,,,
1.041,,,,,,,
1.024,,,,,,,
1.003,,,,,,,
0.991,,,,,,,
0.977,,,,,,,
0.971,,,,,,,
0.972,,,,,,,
0.974,,,,,,,
0.974,,,,,,,
0.972,,,,,,,
0.979,,,,,,,
0.988,,,,,,,
0.989,,,,,,,
1.02,,,,,,,
1.019,,,,,,,
1.022,,,,,,,
1.044,,,,,,,
1.041,,,,,,,
1.038,,,,,,,
1.026,,,,,,,
1.003,,,,,,,
0.981,,,,,,,
0.953,,,,,,,
0.936,,,,,,,
0.919,,,,,,,
0.89,,,,,,,
0.888,,,,,,,
0.881,,,,,,,
0.89,,,,,,,
0.91,,,,,,,
0.915,,,,,,,
0.943,,,,,,,
0.962,,,,,,,
0.976,,,,,,,
1.003,,,,,,,
1.022,,,,,,,
1.031,,,,,,,
1.05,,,,,,,
1.051,,,,,,,
1.05,,,,,,,
1.043,,,,,,,
1.029,,,,,,,
1.012,,,,,,,
0.996,,,,,,,
0.971,,,,,,,
0.948,,,,,,,
0.928,,,,,,,
0.897,,,,,,,
0.883,,,,,,,
0.883,,,,,,,
0.879,,,,,,,
0.893,,,,,,,
0.912,,,,,,,
0.929,,,,,,,
0.957,,,,,,,
0.981,,,,,,,
0.993,,,,,,,
1.017,,,,,,,
1.034,,,,,,,
1.041,,,,,,,
1.053,,,,,,,
1.067,,,,,,,
1.067,,,,,,,
1.069,,,,,,,
1.065,,,,,,,
1.048,,,,,,,
1.046,,,,,,,
1.041,,,,,,,
1.031,,,,,,,
1.038,,,,,,,
1.043,,,,,,,
1.039,,,,,,,
1.044,,,,,,,
1.036,,,,,,,
1.031,,,,,,,
1.034,,,,,,,
1.02,,,,,,,
1.022,,,,,,,
1.017,,,,,,,
1.012,,,,,,,
1.024,,,,,,,
1.032,,,,,,,
1.039,,,,,,,
1.044,,,,,,,
1.043,,,,,,,
1.048,,,,,,,
1.048,,,,,,,
1.044,,,,,,,
1.05,,,,,,,
1.051,,,,,,,
1.048,,,,,,,
1.044,,,,,,,
1.034,,,,,,,
1.022,,,,,,,
1.022,,,,,,,
1.027,,,,,,,
1.039,,,,,,,
1.036,,,,,,,
1.036,,,,,,,
1.038,,,,,,,
1.027,,,,,,,
1.032,,,,,,,
1.029,,,,,,,
1.01,,,,,,,
0.995,,,,,,,
0.983,,,,,,,
0.96,,,,,,,
0.945,,,,,,,
0.922,,,,,,,
0.898,,,,,,,
0.871,,,,,,,
0.847,,,,,,,
0.828,,,,,,,
0.817,,,,,,,
0.802,,,,,,,
0.804,,,,,,,
0.807,,,,,,,
0.804,,,,,,,
0.802,,,,,,,
0.8,,,,,,,
0.83,,,,,,,
0.847,,,,,,,
0.871,,,,,,,
0.91,,,,,,,
0.924,,,,,,,
0.934,,,,,,,
0.96,,,,,,,
0.965,,,,,,,
0.965,,,,,,,
0.983,,,,,,,
0.972,,,,,,,
0.971,,,,,,,
0.969,,,,,,,
0.953,,,,,,,
0.95,,,,,,,
0.948,,,,,,,
0.945,,,,,,,
0.945,,,,,,,
0.955,,,,,,,
0.948,,,,,,,
0.938,,,,,,,
0.929,,,,,,,
0.91,,,,,,,
0.891,,,,,,,
0.871,,,,,,,
0.838,,,,,,,
0.802,,,,,,,
0.764,,,,,,,
0.732,,,,,,,
0.694,,,,,,,
0.651,,,,,,,
0.603,,,,,,,
0.554,,,,,,,
0.494,,,,,,,
0.42,,,,,,,
0.369,,,,,,,
0.374,,,,,,,
0.326,,,,,,,
0.224,,,,,,,
0.161,,,,,,,
0.137,,,,,,,
0.104,,,,,,,
0.057,,,,,,,
0.033,,,,,,,
0.028,,,,,,,
0.03,,,,,,,
0.028,,,,,,,
0.027,,,,,,,
0.03,,,,,,,
0.03,,,,,,,
0.03,,,,,,,
0.032,,,,,,,
0.032,,,,,,,
0.035,,,,,,,
0.033,,,,,,,
0.037,,,,,,,
0.035,,,,,,,
0.032,,,,,,,
0.028,,,,,,,
0.027,,,,,,,
0.023,,,,,,,
0.02,,,,,,,
0.02,,,,,,,
0.023,,,,,,,
0.025,,,,,,,
0.027,,,,,,,
0.028,,,,,,,
0.032,,,,,,,
0.033,,,,,,,
0.032,,,,,,,
0.032,,,,,,,
0.032,,,,,,,
0.027,,,,,,,
0.025,,,,,,,
0.023,,,,,,,
0.028,,,,,,,
0.028,,,,,,,
0.027,,,,,,,
0.027,,,,,,,
0.027,,,,,,,
0.023,,,,,,,
0.023,,,,,,,
0.02,,,,,,,
0.021,,,,,,,
0.021,,,,,,,
0.025,,,,,,,
0.025,,,,,,,
0.025,,,,,,,
0.028,,,,,,,
0.023,,,,,,,
0.021,,,,,,,
0.02,,,,,,,
0.02,,,,,,,
0.015,,,,,,,
0.016,,,,,,,
0.016,,,,,,,
0.02,,,,,,,
0.018,,,,,,,
0.02,,,,,,,
0.015,,,,,,,
0.02,,,,,,,
0.016,,,,,,,
0.018,,,,,,,
0.016,,,,,,,
0.015,,,,,,,
0.013,,,,,,,
0.013,,,,,,,
0.008,,,,,,,
0.008,,,,,,,
0.004,,,,,,,
0.009,,,,,,,
0.009,,,,,,,
0.008,,,,,,,
0.006,,,,,,,
0.006,,,,,,,
0.006,,,,,,,
0.004,,,,,,,
0.002,,,,,,,
0.006,,,,,,,
0.004,,,,,,,
0.002,,,,,,,
0.004,,,,,,,
0.002,,,,,,,
0.002,,,,,,,
0.002,,,,,,,
0.004,,,,,,,
0.006,,,,,,,
0.004,,,,,,,
0.002,,,,,,,
0.0007522,,,,,,,
0.002,,,,,,,
-0.0009672,,,,,,,
-0.003,,,,,,,
-0.0009672,,,,,,,
-0.0009672,,,,,,,
0.0007522,,,,,,,
-0.003,,,,,,,
-0.003,,,,,,,
-0.0009672,,,,,,,
0.004,,,,,,,
0.004,,,,,,,
0.002,,,,,,,
0.004,,,,,,,
0.002,,,,,,,
0.002,,,,,,,
0.002,,,,,,,
0.002,,,,,,,
0.002,,,,,,,
0.002,,,,,,,
0.0007522,,,,,,,
0.002,,,,,,,
0.0007522,,,,,,,
0.004,,,,,,,
0.006,,,,,,,
0.006,,,,,,,
0.008,,,,,,,
0.009,,,,,,,
0.013,,,,,,,
-0.008,,,,,,,
0.004,,,,,,,
0.009,,,,,,,
0.009,,,,,,,
0.002,,,,,,,
0.004,,,,,,,